73;107;;;;master;0;2016-03-13 18:16:35;894e2171bc3f8c543ef289f824dc58831870978d26e6e516b8e908624dc0b575
74;105;;;;master;0;2016-03-13 18:16:35;fda9c8e7c18e7d3203a64b2cb1022e2900f8d20195a7e5d5b604cf1428eb4308
75;106;;;;master;0;2016-03-13 18:16:35;dae0bbb2271f0ca7a1fe9208eabff6d8cafd0912d81c69d859c3013580949f73
76;108;;;;master;0;2016-03-13 18:16:35;6b9d6519fcfeff35b7a0ae99da1392fd2362e8598a6dc98012f1624c02acb6d9
79;136;;;;boost;1;2016-03-13 18:16:39;62c1ea049ec965c1957eb69c634e39b2c87c77334a22f95aa0d268ec10d04b6e
92;110;;;;master;1;2016-03-13 18:17:03;0ebb2a6f361fcb084b698fb4257afb597f430e040405737be6bc2a1987864e71
93;111;;;;master;0;2016-03-13 18:17:03;b62eeded83e236899a8f7eb04c02ee682fa4f5baa6b8bbbc2f4e7eddaa22fb93
94;112;;;;master;0;2016-03-13 18:17:03;fd48e40890424ea4ad02d7069d03f13da3659ca2eeaf0beeb527c9aef42ef6cc
95;113;;;;master;0;2016-03-13 18:17:03;35ecd8830f4ae49aedc80d37ce4699fcb8a05bb13354825f522cad2ce82c71ca
96;114;;;;master;0;2016-03-13 18:17:03;1918a32d545090ff1d7946b3c92962dd40db7d1bd753c709635e8a6f5214a23e
97;115;;;;master;0;2016-03-13 18:17:03;f9019dcb6643dbe267386f15a4b87659ef1e95975b4548c76289df3380f838b8
98;92;;;;master;1;2016-03-13 18:16:44;06f16d3b98b560821ee63ffa60edd3b043b5e8d1800682839cca0e02c6963a24
100;137;;;;cpp14;1;2016-03-13 18:17:06;d5f685a234c152edf516dd49480536d9713c12d548fdf6c80b14b4286f0eb76d
101;125;;;;master;0;2016-03-13 18:17:10;0cac375e2d483a3513ab26ad21188d002cefd3bf9c3f0eeee95bd97499e5653f
110;91;1;0;2;;0;2016-03-13 18:17:18;255828d00aed1828259e939ab6a7bd2935f012cd7086677ef8985fdb08898dc9
113;117;;;;master;0;2016-03-13 18:17:18;6bc4b216514a42a977c7e709bd4b5dcdcc46f0d482fad08c6fd474be17a1a882
114;126;;;;master;0;2016-03-13 18:17:22;15a489e27d7f42416c7bf46b117087333084f915637189bbbd5a4ba635a099e9
115;94;1;6;21;;0;2016-03-13 18:17:24;69c9ff99ba93b5a109ff172cb93d449fc45982584f639a3f74bea1f3352651be
119;118;;;;master;0;2016-03-13 18:17:18;3244a0fbd7eeb4c9d07aeea67b3b1039366ca6738a6db24d13d58a868a9a0b1f
121;119;;;;master;0;2016-03-13 18:17:18;2e655abcac0d645b104f13080373c1c9d2735cff0bed28a419cf3ed9cc4aacac
122;128;;;;master;0;2016-03-13 18:17:34;37ffd5691a06ed0d07de6d96ead69f9c6da8cd4eb370e8176826ea337ae7056b
124;120;;;;master;0;2016-03-13 18:17:18;ff50bc59ace57b69d044535a61878cf3a2a7e2ea7845fd9a02de78174a72cb66
125;138;1;0;2;;1;2016-03-16 19:31:49;1d708052937b7264a4c566111028339a4232c45d8353fe9fa9cb8393291ea61e
132;141;;;;master;0;2016-03-29 11:24:07;f1571cc501a7907ff5178e7fe79857a5757835de4d39501181aba51177d1f582
133;142;;;;master;1;2016-03-29 11:24:45;c964fdec0ac358932df7d73b72cea4448e486e359f9652354b573a3018c97d1a
134;143;;;;master;1;2016-03-29 21:48:52;7d14654ef6ed965287a42fcb37ce9b8698a582e22e69d607ef42972fb2be742c
138;139;;;;master;1;2016-03-30 07:58:06;83cbc5bf2384ff78c0bb6d810a9ede91ea5ff118c8b4ccd6bfa4c2da71b221bd
158;151;;;;master;1;2016-04-20 13:28:06;0d766c4d87832f2801fc220ff734beaef15ecb708ef4963d17c57e735cf62eab
162;155;;;;master;1;2016-06-09 10:57:13;92f82d6d5036d82863f6490dae2ccf1397ecba0def70238c2c42bdc64f9adebf
219;94;1;6;23;;0;2016-07-18 00:37:30;0ccd5479f09b845192838e825d438bd3a99692d0fed30ee02581632b43502e7d
222;158;4;0;1;;0;2016-07-23 22:20:28;7468e04b18289bd328d52d2f6e84a786f79e628d19eae59bcccb7b517fd0a324
225;162;;;;master;0;2016-07-27 14:24:38;bd9ab33750643a94749a3d65052a3be20717244c0c1d4397a0b517b8b95d9836
230;164;0;9;3;;0;2016-07-27 18:40:22;22a60814f35a2afbd6a4a9e58d2cb843706413a9bfad0d52b2a0cd5ed3e62fe7
238;167;0;9;3;;0;2016-07-27 20:25:15;82f8f24c8c99241cc7f83ebece30521785122c6d17fd08bc33bd6ed85eabdacf
239;168;1;1;3;;0;2016-07-27 21:15:02;d8f4dc591aa44bc6e52203a99dbd580ab86f28d6ba6a61a88fb12d8cfc17b9b2
246;171;0;3;6;;0;2016-07-28 23:26:44;e158d0738a58438d95af3771ef64b97c5d917f2db370d661227972cded68bbba
254;176;2;0;1;;1;2016-07-29 15:42:03;751edbc264ac159bb956829096595658c647b9b1f06c63be595bd10cb67a6e7c
260;183;1;0;0;;1;2016-08-01 19:25:32;ee8e63542aff7aba7d53cb2fe340bdd2ddfeb5c9c1ef1b2f84bb6e31b4b783a8
262;184;1;0;0;;0;2016-08-01 19:27:46;79d4993c77b98e8ef525fae6aa651b137ffa4495c5ac9cd23d9f1e7608f93883
263;185;1;0;0;;1;2016-08-01 19:29:17;7f6d391f3f56913edbaaad0f4e725f3b4436b93b755f821dbf3fe5668a6a2d17
264;183;2;0;0;;1;2016-08-01 19:40:12;a62c39f2336cc0b8557a60571b38cd86ae1c4a3a0567bf1ade2c5250a03c6fbd
265;187;2;0;0;;1;2016-08-01 19:40:12;cd71ee77c3a6e0f605bcc69d17d1abfcd710bbf44e6e9ae2f9e1d1565d62d080
266;184;2;0;0;;0;2016-08-01 19:40:12;024b23d1dcdee80c8302a4bad3a79491b4e00e4c1b47946b73350fd5cab8d8c3
267;185;2;0;0;;1;2016-08-01 19:40:12;5c4c29b79fe1c3fd1da9d37e54b9ef4185fb312b7c1adec67d76862ec12a2cc1
268;186;2;0;0;;1;2016-08-01 19:40:12;784dbbee4ef43f8efcac734fe08f60cf0756bbb1a4985d2424f6bebe5d56f355
269;188;2;0;0;;1;2016-08-01 19:40:12;713d7a891f3eca840054a514313b94c7607963e487a0fa0513bd7a8fe78740d1
396;193;0;15;2;;0;2016-08-03 08:27:24;ccc6d6bb0845c4e5f2b6929c2075d6a6d326679ab4296634de386f7ae0313d5f
397;194;0;15;2;;0;2016-08-03 08:27:24;78ec8c8c67cd4f5acb2234ac71a91d51b33134dcaea106fbd97b0198cfa2959d
398;202;0;15;2;;0;2016-08-03 08:27:24;a28df8a84118ce0732a681eba59de74fc450b6ed925ba40a5ee86ae8f23744a0
399;199;0;15;2;;0;2016-08-03 08:27:24;e485a7cf58f0b06685d6eeba32b27e2ac7d95cb93bf57e34226ec75b2fb82b99
400;201;0;15;2;;0;2016-08-03 08:27:24;47fdcbbed3286946fea5054ae97554ad5686a6ddf2ff6c97f0edcd938f8501ed
401;203;0;15;2;;0;2016-08-03 08:27:24;47b70b440bcfd170893fd7fddfdd05bc03a171f6e172ec117c9ca0f0c92c350b
402;204;0;15;2;;0;2016-08-03 08:27:24;3136de0931d0cb81b8828562b7590bf07a8237defd965d7d75f43e0a64fef50a
403;205;0;15;2;;0;2016-08-03 08:27:24;e15bc2269aeac7d17898cdaed4adf4317e2c4ba21f8330dbd32eb47f8958ee15
404;200;0;15;2;;0;2016-08-03 08:27:24;d374c50a996fdd0a750ec9ac18a1ac76e90e227ebdb3dc9aa99f31db75bfb2f8
405;206;0;15;2;;0;2016-08-03 08:27:24;5a7cdd2e5fdc0c4a92609fa46b1b4a1e50171a3770bc0dfc64a528f5f10d5c7d
406;207;0;15;2;;0;2016-08-03 08:27:24;bee8f903d87d8f953339cb89b04a6121af6c158c02bd91433bb5ed59430a9097
407;195;0;15;2;;0;2016-08-03 08:27:24;87179da6afb2d92db8d326adaec0c953f95f8a3db8cc63b191e4ad6b226ba796
408;196;0;15;2;;1;2016-08-03 08:27:24;2e330daf6d12d700e2aa96d871381e129943c1c2168ab5807a795edc43021e90
409;197;0;15;2;;1;2016-08-03 08:27:24;2e330daf6d12d700e2aa96d871381e129943c1c2168ab5807a795edc43021e90
410;198;0;15;2;;1;2016-08-03 08:27:24;2e330daf6d12d700e2aa96d871381e129943c1c2168ab5807a795edc43021e90
411;118;3;0;0;;0;2016-08-03 08:30:39;8c9e3cc8fcee1e2c25849ef12ea7fdec5cc45158a5f0b32498c957c1391b4da8
412;117;3;0;0;;0;2016-08-03 08:30:39;da577d214c8d1bf9fea9a7886ec145c6597b06e87c3032e9aee448b4f8be0fb4
413;120;3;0;0;;0;2016-08-03 08:30:39;f3e61cde80c28fa3cac0cbcee17f100f8d54e6a8548856b070bc44f8a9744ca1
414;119;3;0;0;;0;2016-08-03 08:30:39;66bb68bb595bdfef6b520f3d79ea15c6ca808ff6499b74f7c95402772ca80cc7
417;211;1;2;0;;0;2016-08-03 11:56:44;1e58bcb4885ad82e7aa209009b6f4f7a810784ddb97834dfb439ed277e9d221c
418;215;;;;master;1;2016-08-08 19:53:27;921a591a863a16eabfdb1afb8a238088145aded91bdd598b14114d780fb6b599
421;213;;;;windows;0;2016-08-11 18:04:16;7d97a18e8e665afe6870a469ce7d45755e1821503d9cea4d33ff76e5c3487982
428;219;1;0;0;;1;2016-08-15 21:51:01;5a829c1824701b9df1797ab9ed78654013664441a4580ef8de325ecdc7abb45b
642;7;1;61;0;;1;2016-08-30 23:57:04;a489ef26e983cbb63be628f7a4e6741f447f24a4f0a1810e86f36b1c74a4cf8b
643;6;1;61;0;;1;2016-08-30 23:57:04;b42233695e2dad34a6412a1cf2d2a393277262f2b9cc337bdee928e743c6fe8d
644;221;1;61;0;;1;2016-08-30 23:57:03;079fdd7264e0fadba8de959a6a24429391ed51198e58d42d206456c299e02f83
645;5;1;61;0;;1;2016-08-30 23:57:03;61e5d5d7677ed37920781d66d0b2db2981e7f7dd76be150327fa40128587f6da
646;11;1;61;0;;1;2016-08-30 23:57:07;dad9d7494c4a3ce5ca54041252ea8aa5cb72d970706088d00fdf201d31b421d8
647;10;1;61;0;;1;2016-08-30 23:57:08;ce001816dcf5b62eabc2c779c8476538359cedba0e27083abb97a8f42b3b8c5b
648;8;1;61;0;;1;2016-08-30 23:57:09;04303251d8d873b393c9c2202250111e007138a7d43135f436b1efc1682e5ec2
649;9;1;61;0;;1;2016-08-30 23:57:09;01a5ef1490a2836c81518d99fc63db5190baa6d26ca9e79ea14bd52790b5dbfb
650;13;1;61;0;;1;2016-08-30 23:57:11;853294c018213d991e0d403fd769710b75e0167e41da2a45093a6a980dcd3cd3
651;14;1;61;0;;0;2016-08-30 23:57:11;85d36717159ba305c908c1322bd2cd44d60f1952e2a31be75afab1ab6a812e16
652;12;1;61;0;;0;2016-08-30 23:57:12;b3bf46977524ec00e7a1a37ea913e1f4a3c66d1b3fcc4baf9c616061aeb3a089
653;190;1;61;0;;1;2016-08-30 23:57:14;57b124a9054f82adc2a1d9bad89e4bd542a8f315ce26aec45de9d6a33d9c11b4
654;222;1;61;0;;1;2016-08-30 23:57:15;4c57fe485e7f9b44bb1927d3bd5d8f230e4d03a4ea651ab19f7e179412073292
655;223;1;61;0;;1;2016-08-30 23:57:16;987f77f2b267092924de0a5533ff86a28ac07d38067f85c959130f6411145b3f
656;225;1;61;0;;1;2016-08-30 23:57:18;47e04b59886c1445414b1a56af0cfc54dfbb9a222a44f755407d4317a9155693
658;84;1;61;0;;1;2016-08-30 23:57:20;deb767c0ecadb30316d3d82ab7a6df406057781da6fab9674be39c73e35d2b99
659;226;1;61;0;;1;2016-08-30 23:57:23;c9a43dae3f7435d6b9243783228551c1fc8b726c87f8ae90779cb1a29ca62c6a
660;230;1;61;0;;1;2016-08-30 23:57:23;0e20e44926ef7e749a7727a62be272dd6c42d73ac1823a8bc300a03e0e4ca769
661;224;1;61;0;;1;2016-08-30 23:57:23;540e91606e8dee67ef683ad19b89c5c0d6d3707fa86b10cc93d4734659d6048f
663;227;1;61;0;;1;2016-08-30 23:57:26;879886010c33053834e69deb15a6a2d2d8c5d828c09f4bfe4d629549568c41a7
664;23;1;61;0;;0;2016-08-30 23:57:25;69fa38b5ae992f0306e0395b9778b71286a6cebf2ce5be0de7ecafc9671320ec
665;229;1;61;0;;1;2016-08-30 23:57:27;9d1031acc753bc4c1123e7fa00405cf0612144cc6dfa1e33569610d1641bb686
666;19;1;61;0;;0;2016-08-30 23:57:27;f39623b2fe8db090bbf6c8c18b69ab3e3b71958270db1706939b71cbfc74c9ee
667;83;1;61;0;;1;2016-08-30 23:57:28;4d36c00431695c463165e2889eda9fa36b8618f8c5c82a1d06cc59da2b381119
668;26;1;61;0;;1;2016-08-30 23:57:28;8530f6653db1cfe0cae765a9cb8d50428edaba345657c697a492671910da5105
669;16;1;61;0;;0;2016-08-30 23:57:29;7bb1257b87ae8baeb2f0edcb32b117c3d38f265806d4fcbfe0f9e866d558c91f
670;21;1;61;0;;1;2016-08-30 23:57:30;5a626cfd288a1f849aacf59fea38e2d236419ecd8358abb798702f9432f3361d
671;24;1;61;0;;0;2016-08-30 23:57:30;9fb90e5e39af92508effda55af0d162b0b0269faf46b8f311bfbd2e213ba5dc8
672;30;1;61;0;;1;2016-08-30 23:57:30;8c3ca30c4a628388abe1e8bce0d26dd0dcb1dc972e32f7f8d4286e4ef0f0d79f
673;232;1;61;0;;1;2016-08-30 23:57:32;f290a98e2d4d1cd5e56d3d979ced1eb01dc5c2bc31aa9171fba03a0a0d433d3e
674;18;1;61;0;;1;2016-08-30 23:57:32;5338cc1de57cc573f5f54993143b46954bdf5c13999fb1253c421548bf4721a4
676;25;1;61;0;;1;2016-08-30 23:57:34;8e837e8e623d96faa21b895277d8f92e7cd29cff1a04b9a39415e2dc4e72d64f
677;20;1;61;0;;0;2016-08-30 23:57:34;171374259988eca4a80d26a3bf43d1efa7d6e06dd4b473743cd7d96b6c86b2ef
678;29;1;61;0;;1;2016-08-30 23:57:36;e0553176ee5a4b174369b4ff37e56112235a06ed3c6298a79d297dbf3a1831af
679;231;1;61;0;;1;2016-08-30 23:57:35;e495545af50c7c2056e732d873549c76d5bbbbf8556c40eedf67fbcb350135a8
680;22;1;61;0;;1;2016-08-30 23:57:39;b0e2e07828f362787a629751df6949f6d5cedd6101319cc6c532c433b208f865
681;31;1;61;0;;0;2016-08-30 23:57:38;a471148b0045653e1e669c213d7a454de7b6303989e7e2fbf063993b52ce319c
682;233;1;61;0;;1;2016-08-30 23:57:41;b5dd158f0202827ec28704d3b1c859ddb81ee1bcd1da607417418f621099d03d
683;28;1;61;0;;1;2016-08-30 23:57:44;0240a242f3bec6db5c87ea6819e74175dfd4ec12b87a33068fb598e7af9c67d0
684;235;1;61;0;;0;2016-08-30 23:57:48;ba7033904b2fb8705de7b5a31a6fc810107e3da4077a940283550db3b54690c3
685;237;1;61;0;;1;2016-08-30 23:57:48;307a573350b6996795ab104dc9fb949a8aa025795c0b3ecca444113689edd792
686;244;1;61;0;;1;2016-08-30 23:57:49;61d83c9a978ea0592a80660ce8ca0d07c136e0d3ebd4deece072b057f30d5aaf
687;82;1;61;0;;1;2016-08-30 23:57:50;6a02f4b35808b97dc438c0f0a34cce618399a969de780f6f6013de86a478d6d8
688;32;1;61;0;;1;2016-08-30 23:57:51;55cdea52b4a8529dba6810003bbc3f601c6d8f150ab0c9f3b36c236158e137e4
689;236;1;61;0;;1;2016-08-30 23:57:52;56fbabbbf92d1f89783061b00aa017d2b98adeb94d03aa5ffecd35a566046d3c
690;34;1;61;0;;1;2016-08-30 23:57:53;cdb9b4981efcfdf7dabff4a2ef2fb4eb14b00e372bdefd3ee8e951bec958b43a
691;33;1;61;0;;1;2016-08-30 23:57:53;ee8efbb1fe104545a0c4e26d0bfb5f000d38f7630d9ab17d83e7260851cb7d83
692;140;1;61;0;;1;2016-08-30 23:57:54;59a21aed5535c439343c62f23a2a17c6d16e00dcf709128b0c7dc29d57f3887a
693;37;1;61;0;;1;2016-08-30 23:57:55;3ff39658d0e0c25e8e08d15f3c576a9cb02c4c64bca40c96e183a568a0e77a53
694;250;1;61;0;;1;2016-08-30 23:57:57;35efa0436871dbce5efa148d296dadeb8435e21e6de235c83917864ebae1c9bd
695;36;1;61;0;;1;2016-08-30 23:57:57;57524446113f1f83ffb4829050ec79c3a3bb871bf507a5ba079d9597c2f2bc5b
697;234;1;61;0;;1;2016-08-30 23:57:59;de55274c5cd09e333f43920f684022f0fbfab5b3ab1b1a64abb444ee0e71a720
698;249;1;61;0;;1;2016-08-30 23:58:00;90f63a85e718a33bfe8e0108c6a4c5a79a23ed0085c65dd4fc069b5db6ca83be
699;38;1;61;0;;0;2016-08-30 23:58:00;2baa76beee7a1df8c204547f94513c173d68335ba4827bd12c5399238d34167c
700;35;1;61;0;;0;2016-08-30 23:58:04;f6326b43485b51ea317c4aed2fb5a62ee8c193d57e9c6348c434b62c63865e67
701;239;1;61;0;;1;2016-08-30 23:58:05;a53d167b52a3244c082d7ff22df2e9fdd323b85de094d8c6c813aa280fa22e61
702;191;1;61;0;;1;2016-08-30 23:58:05;aa5f68eec3ac95809a6a62f006b5493212e3c36eb301f90f7f03f76431c6d9d2
703;240;1;61;0;;1;2016-08-30 23:58:09;90134b72afa773c4d7da98a10eaf0b5274b9e37ec9653bedf7074e53c70474d8
704;42;1;61;0;;0;2016-08-30 23:58:10;870b232755d55d743b3efef4675715c7ec3cd276fa04a005fbe93dd30559fec7
705;261;1;61;0;;1;2016-08-30 23:58:12;ca2f47bdf312dccdacf148c5e4ace30c3e5d0f363b597fda93701a4ece7a455c
706;44;1;61;0;;1;2016-08-30 23:58:14;0e5f7c7d53951401d97fde305ac818ed2bd229d580d1478c80c9afe10cce410a
707;238;1;61;0;;0;2016-08-30 23:58:13;4767875e13d13599492b84e24265418a99afb392f96659e1e7bfa3af7880b670
708;3;1;61;0;;1;2016-08-30 23:58:15;2a224c6c2ca2a5d3069ada19733ea7f671e1a3c18d08500fd05b65db9b163460
709;45;1;61;0;;1;2016-08-30 23:58:17;772d74bb5b82ef4d1304c5baccc7398431115af679e977c8fb295d7c427592a9
710;40;1;61;0;;0;2016-08-30 23:58:02;6b98b1a7be542d880e11c42e2690835869f68047bdb07aa9895df77527e85a0a
711;47;1;61;0;;1;2016-08-30 23:58:18;8a0f104ebddcd666f5470cc1446724e1c74366fb65ea33a7bcb1eee66a10f8ce
712;41;1;61;0;;1;2016-08-30 23:58:19;8311ca08d7ccec07c68d591dc9ae9f3e759049f65d4658313a6f86a7827277ee
714;52;1;61;0;;1;2016-08-30 23:58:22;74eca1f115cac1ecf3fbf0e47d3bb218d207ff2f56bebbd51cfa12cbdb49fda8
715;241;1;61;0;;1;2016-08-30 23:58:22;9001e49e1762022e04b238db1c691afb208bda04d8b2b64f99aca1876f6dbdda
716;242;1;61;0;;1;2016-08-30 23:58:25;8436662c037e61a517f26eb912b960f3c1db9375aab821259bd6875c870602a5
718;43;1;61;0;;1;2016-08-30 23:58:28;82c848e7688d009746da8f109600237abf48a5ce4f671b3eb66e06014c26b528
719;50;1;61;0;;1;2016-08-30 23:58:30;7bc1c2c8631e5688051d11c6ebebc428e36e62e33f6d1d989708e72b392bb6ac
720;228;1;61;0;;1;2016-08-30 23:58:31;84268799da70357e14946d27411c41c69ce47a4bd4c55dcfaf81461cb6f79999
721;243;1;61;0;;1;2016-08-30 23:58:31;f50b709e248978d1d728bd3b1a2895107b61f86052028ee79061de96804f4dc4
723;51;1;61;0;;0;2016-08-30 23:58:37;92fcbebe1d7a3c2a6be53210ab1607f72e2a5fa66085d342eac82b6d2c94ecd0
724;54;1;61;0;;1;2016-08-30 23:58:37;0577cda6e8eacc4ffde936b5a410f3b94376c2a3c24d398d9d42d1783b783c90
726;247;1;61;0;;1;2016-08-30 23:58:40;f16b76ff4e040c2d9c81df3d7e2f80f52859f14f8d8652f1754c7df7f4530c09
727;57;1;61;0;;1;2016-08-30 23:58:43;f50b90274a7418848b774f2fab48b847e08c02671b60305eac8cfe506d2648fb
728;58;1;61;0;;1;2016-08-30 23:58:43;3ccde1b92bea04704236d9c8546855f9b9d6d26ff87edc0b40a6d3a085018cb9
729;255;1;61;0;;1;2016-08-30 23:58:45;20fce8991a554b3a6a4293e75fe1757faf410fbc68707a58fe86937f82e2f3d2
730;60;1;61;0;;0;2016-08-30 23:58:46;410de017a8786e18f1d84e0b87d86d01a224bd6fe55d9850e98e2be724d4e70d
731;165;1;61;0;;1;2016-08-30 23:58:48;e91d1d742149d8abcf1035c0f996b6966e350a06df640fb26388a7cbed8f1091
732;46;1;61;0;;1;2016-08-30 23:58:49;272220eebf5e09fa3206849bda0fee274b4f6b7d8bb744324a900956ec4688a9
733;62;1;61;0;;1;2016-08-30 23:58:50;15bf416413432ae730b6c255f2d7442e0047c6852b2f1471adf7c77311f5712b
734;49;1;61;0;;1;2016-08-30 23:58:52;298da8c2850f8ba86189bd1ae96235d11c1a784ac608bb41d07985b36221c959
735;252;1;61;0;;1;2016-08-30 23:58:52;c57ce638c0d4536e20f4bc06e1d37288d3f07f69a561bf66062c833c56b6c8a8
736;64;1;61;0;;1;2016-08-30 23:58:54;1b9b3654a4c00d08075361b2b6686fa40da257036f28e9de6e7e245dae485e98
737;65;1;61;0;;0;2016-08-30 23:58:55;a25cca0903503cc4d1d3ac855b11553672502889ea8a161bcd9ce4abf75b0c3c
738;68;1;61;0;;1;2016-08-30 23:58:56;0da30b93305eb340911bb44aa81ea42fc1f832dabd193bd3ea82f653fae814de
739;53;1;61;0;;1;2016-08-30 23:58:56;47417c7892b03bb2308c4c14adfc054e9343bf5330d44d8e2a6f6c2a6a4a861a
740;69;1;61;0;;0;2016-08-30 23:58:57;29124405acb44c2592c1c0e9022351c134afe3a5012ace165a39b9d0a7101db7
741;256;1;61;0;;1;2016-08-30 23:58:57;30e8ea2a779ee874ca42d6820408b005483e1d291fe39a75268ffe4567258f49
742;66;1;61;0;;0;2016-08-30 23:58:57;bdf6f61de19ddc3931c291a2dbe7daf059f82c24d944a7efbaeacbb797565310
743;56;1;61;0;;0;2016-08-30 23:58:59;3298ba936afdda49c121d82ddb9e84368ad3f12dde70f85385648305411cb257
744;71;1;61;0;;1;2016-08-30 23:58:59;1eb804d101a2fa90f0d7f8ed6b252b54ddfff9ef0488fe123b956ea08de9d7b7
745;74;1;61;0;;1;2016-08-30 23:59:00;c02e497dba9af412916ef61981e1d7874fde624d42d381d99113844f42fea465
746;70;1;61;0;;1;2016-08-30 23:59:01;6c16f8920692baf55b71d08042299b1d0119ee03222373f2216da0ae555aa6cd
747;75;1;61;0;;1;2016-08-30 23:59:01;b74a85ced7200f9b23ec35b55a089141aed92064d2cf41ae849a04d835761144
748;59;1;61;0;;0;2016-08-30 23:59:02;ac2f428769f2225aeb8b8fd7e519d692dc8a494178b53897786aceff6ff2dcd8
749;72;1;61;0;;0;2016-08-30 23:59:03;d1cbded7942bcc0e535a5c93b115d0cad5ffa6b21a7c086ad081ce5d67344323
750;77;1;61;0;;1;2016-08-30 23:59:04;ef5de5e13c4d0ac6fde306947d8552b7144aa05e3d4538e6e000e1b6955e2343
751;76;1;61;0;;1;2016-08-30 23:59:04;5b737328d7e4015b8de7519d8cba5fb907616cf0c018a95885b19aa849a3323b
752;258;1;61;0;;1;2016-08-30 23:59:06;50fa0f13af9e8a6a4b64786b990aaf28221ab06c40a0ba687b0f87809e1b1e01
753;254;1;61;0;;1;2016-08-30 23:59:06;6a49598dbef8eb6452c8c8df8d0635ed347ca655341ae1e0c189869e279cd5b4
754;189;1;61;0;;1;2016-08-30 23:59:09;93164cb433bf0d1c25391f3c87e796655745fde333853ae218dc1b5607254a60
755;79;1;61;0;;0;2016-08-30 23:59:08;d6d071c63c396ee050ff97a2705ac265aaa42bf081c971bea22543e16ab56103
756;253;1;61;0;;1;2016-08-30 23:59:11;c351c3f9861b0978f846d8838a578bbfefb376058f36d149eaa49cb50af32fcd
757;257;1;61;0;;1;2016-08-30 23:59:10;4a9cbeaac8c38ef16c05aec30c3efb4d1dfa9df5da6ea93d93b85cb74c36a264
758;80;1;61;0;;1;2016-08-30 23:59:13;bccb43936a331a4e8a0e8a3bc5fa196b35e9a4effc809866a8494b7aa8e92dbb
759;259;1;61;0;;1;2016-08-30 23:59:13;d02a71c34b86486aadc6d76c7724ebf1df635f6d52abbc439aee9629d70cdcc6
760;73;1;61;0;;1;2016-08-30 23:59:14;fade069516b85b3a9f43ad04a30ea32a43a0ce89d50d1fc16e1a798671088088
761;67;1;61;0;;0;2016-08-30 23:59:13;3e18075afecdcc2cc2312b4f6cd4d35e8282e84a6a5bc68bff53921292e3b7d9
762;260;1;61;0;;1;2016-08-30 23:59:15;9b2a26bf437699499ef8e8066c4a0e1a05c3a4a18267e1df2d8259135e7bfd9e
763;78;1;61;0;;1;2016-08-30 23:59:16;320dc274c8d81de2573880a0c42f0e11ae1e4051cdbff052431a13afdaf92ae4
764;81;1;61;0;;1;2016-08-30 23:59:17;b7be385ca42ab3a7427a793f1dc01ce2a5cbd724a123d37f65a34536e7b08dee
765;27;1;61;0;;1;2016-08-31 00:07:27;936d4ad546fc78bb51d7f072907edc2b68e0dffb702007b200d55672f5b35646
766;48;1;61;0;;1;2016-08-31 00:11:28;0c18063d471b10536e64fed5370d99ec86a1cc3f8a605f91243840766d4f29fa
767;61;1;61;0;;1;2016-08-31 00:11:45;1943d327bce8dc84b3fa759847c2dab0c8eac0ae0d609c5baf417e507b19e025
768;63;1;61;0;;1;2016-08-31 00:11:56;b50040a28cb4b885e663f7bced5110983a129a1d55bc02a07a54483fc43e214f
770;264;0;16;0;;0;2016-08-31 15:22:38;d56254869ead2cc72ae4ae90e0eb59d7293f8e5cfa27fd46e73f39d660002292
775;265;0;16;0;;0;2016-08-31 17:03:15;3969b89414cbbf9778530e9b56283cd774b092e390d2954222f088df0305f0c8
777;101;;;;master;1;2016-03-13 18:16:42;c911efc9c64903b02c7a03ee707395459f9079a7a3fde54b84be4e5694e1c743
778;102;;;;master;1;2016-08-31 20:15:58;48f3d1f180a168ecfbc7509af483466dc247b0b223ca160286900bc2a0375cf8
779;266;;;;master;1;2016-09-01 09:27:49;fb6fa4b58393895a4a82400cf96189a9362ba117a214217dc4741e8e783beaff
803;17;1;61;0;;0;2016-09-02 20:18:27;ef60bc147b744cc0ec8575510bc88118822be8ed787a3953fbd0ec42b2715e85
805;268;0;2;0;;1;2016-09-03 09:12:57;0af7496688e32a976de082b5d40bd8d888cfbd53cf085c87b97c4a71ee8c500d
830;271;4;4;5;;0;2016-09-04 15:09:13;b593945d4f00758bfb9cb2d8e5b4966f947bef5454e064af8cfa393a742e9781
834;273;3;1;0;;0;2016-09-04 15:18:22;efca0066af985d552748e4f53dd9ac226ec746143b6b060dae105bc057c3da67
835;124;0;42;0;;1;2016-09-04 16:15:41;09ef8e8aa441d123c634b298249c8370f19be15567e5a6608c78349f47d1cd52
836;124;;;;master;1;2016-08-01 19:26:24;35fbb4f44697c8a080900f044662dbbff46b6d62621e5e8e6b1f3d6e6f28d98f
842;274;6;9;0;;0;2016-09-04 20:55:45;944d733775bb9b02c7b58442ce64ea0fed1f593d1c2cbb0c60adc4605bd33688
853;278;;;;master;0;2016-09-05 20:46:30;0f949422e6d0aa17f0703d8f7c1aad0ff4bbfc648d6a0597c675adc19669e7d7
854;277;;;;master;0;2016-09-05 20:00:23;84c2139ba067f407b380d807f797ca15f844dc54ece59e90092e6f8ae7fbc3d1
859;279;5;3;3;;0;2016-09-07 22:32:16;daecf886242ae248d5602c34140dd5f3a25b6a1595bb4db037ef0863437569e6
860;279;5;3;2;;0;2016-09-07 22:33:07;abeb344af13c06a53eef973558714f4f788ef57f27d413b4eca493fb1576ef88
861;279;5;3;1;;0;2016-09-07 22:33:11;bea248232273f21d994c83a4a9cc9eaaea44b8f7e43999adaf4e635f362582e6
862;279;5;3;0;;0;2016-09-07 22:33:20;1489f254bd2ef0c38a6b8c5606f1bafa9a26b0ca13a2628d505d93e845f186fa
863;279;5;2;4;;0;2016-09-07 22:33:34;4c076c0a93e03084e2c9ff38c4975e06ec94b9d6305c75d0f1f3569f2047d0c3
864;279;5;2;3;;0;2016-09-07 22:33:42;3e2229b3f3b013fb6193395cf2938e8d780868fccd5e12cef5cf93af1ad79546
865;279;5;2;2;;0;2016-09-07 22:33:45;b845294e871a27e69b83f81c4e6fdfe5632e321b7e89bed4f6da90264cb2d3c8
866;279;5;2;1;;0;2016-09-07 22:33:48;e36dcb53fdfacb5841b6870501a3cb8ac2ea0eb7ce6165eaeae3d7d1bfc4624f
867;279;5;2;0;;0;2016-09-07 22:33:50;b79e9802625954f5c3f2cf564b2fc9114cdf82ec5c48e4e5c095f3c78c0d7994
868;279;5;1;5;;0;2016-09-07 22:33:58;92c717860d8115dc3bb3b5730714452942f56a9e60f5015c898c83b659a74380
869;279;5;1;4;;0;2016-09-07 22:34:00;917a4cfad98ba3182b88f6e912f953022bef717f88d64043925ae9ee5e532de7
870;279;5;1;3;;0;2016-09-07 22:34:02;92fe82dc306d628a63d2156f6af9b4a0235406bb88a1ab95a9ef001fd5d75966
871;279;5;1;2;;0;2016-09-07 22:34:05;dfb112502301c927b7c470f50f6f41117a7a7cc989be6c4f561eefbd20163d42
872;279;5;1;1;;0;2016-09-07 22:34:08;db8a387c72170723dedfbe84299261ad046323fa3398e6463c3667d743a6a33e
873;280;;;;master;1;2016-09-08 15:13:55;35de90f131aa785ac73f162a8b3c4ec525e71c3df09e94a9ccab069c78a51bf5
879;15;1;61;0;;1;2016-09-10 19:18:34;f14f6dd0ec770bb2619c35974d0919c3b1ffc0804ddecdc5167aa971a19bb735
880;283;2;6;2;;0;2016-09-11 16:54:56;c09a4aeb561c6f09acdb604f02daf31db79f3e1ef82546c205bccc10871eb8ce
882;287;;;;master;1;2016-09-11 19:19:16;800fcffa55d1c582a58329bf62237cff28930b65f2f7133d6c0b7741708da508
885;285;;;;master;1;2016-09-11 19:21:21;0796d9dc4df8cd60e73f05a7432f6f928cb73ce3ee939554c4a82bddde0f2ea5
887;288;;;;master;1;2016-09-11 19:38:27;b34d4e8b66404da48919d503cb2c1d61bdd9aba45367c2a5b2136cdd1b7ce888
891;292;3;2;1;;1;2016-09-11 20:43:55;835e95c4ce6e116d6f4f869b1cb7f3ba068cbf95a30a8806797af7b1b7068168
894;293;3;2;1;;1;2016-09-11 20:48:22;85e14e1679cb21973beab8e16449e0e220b4aef4879a075520f4459a3239247c
895;294;3;2;1;;0;2016-09-11 21:06:12;8c59e13e5cbac17d3cd797c39cc6dec1b4abbd0ae5cc57c10f01429444046b03
896;291;3;2;1;;0;2016-09-11 21:06:50;547de0b0d2bd831fd7e9314920fc078471ff56fe1a3ff1e6ef054b2015f1a9f6
899;130;;;;master;1;2016-09-11 22:24:53;42cd8f9af10fb7f6694859bda39a0ef477d3b850d210c829df548081d6c6ec7b
910;303;1;3;5;;0;2016-09-11 22:57:43;73ef09e7f3ad430593f945a869168fa9d17344e6d418c74c6bde86b2c107a8ef
911;305;;;;master;1;2016-09-11 23:18:14;4419e8e38640c31046f7fcd5a09568ea0651241109ec09a00e7e294e27977fe3
916;308;5;6;4;;0;2016-09-11 23:55:15;f42a3d390ddefc1bd471ab4b91a9076076e252b555bd132e9ff5bf2420e01a9d
928;315;1;3;1;;0;2016-09-12 10:28:22;9a60ce97060944a7a7718f6346bc75f100a25744861e7cf77f98a966496e4cdd
931;316;1;3;1;;0;2016-09-12 10:33:34;50e89d301bad1fda273910d3c0dea52e244f161a7184a0f4f739d8620ab5fa2f
937;318;1;17;2;;0;2016-09-12 11:22:28;1fbb9744ee5b69e8079c82ade18a294de4686536d18199f855bc31b6814ba5c0
940;87;1;2;8;;0;2016-09-12 11:45:34;6acee5ffcc3457c3bb5877fca169191052c0eed5d7c8af4f0bf98f29fc75dc6e
962;335;;;;master;1;2016-09-12 14:48:08;3e847bc93ec9a2401221a1b6e12cb1e199a5185d236c88bf0dd32da76b0686d6
963;334;;;;master;1;2016-09-12 14:48:08;bf2788b05855643597a4190d8732d29d08699dbaaaf9c4906f67c02496ad5a3f
975;331;2;4;0;;0;2016-09-12 15:20:49;a569ee96350441c679044c2e9d3c289ee44cf0f4639e59a7a5daadb64a78abd8
976;328;2;4;0;;0;2016-09-12 15:20:49;56d4fa22c0f581100c8eb67e43dc3f5c975d91c13ac2b821e6d0400e4910675b
977;332;2;4;0;;0;2016-09-12 15:20:49;17fa844c3822e1baf99c3e8bd38eaffd9d92a7e1bfc586935e17ec09e6fc7833
978;330;2;4;0;;0;2016-09-12 15:20:49;2e03dca1b024e3b3fdb7421624834666ef9d2f4240f365dd4be54b5f72aa21ec
979;329;2;4;0;;0;2016-09-12 15:21:11;a7d0a8e4c005070a614e8e1110e64c6eb64f196e9374b4f339953828084d0cd3
981;88;1;0;6;;0;2016-09-12 15:56:12;69ddf7cdf5ffec2d100f594c7bf756ff5b179a251e4a2762cea23b25a9fedcd8
993;341;2;0;4;;0;2016-09-12 22:19:16;0db35fe66a0f2a55ff1505dcf3283586cc7b4c4544e3b22bd3fe6056f7ab2a76
997;342;2;0;14;;0;2016-09-12 22:41:35;109b7b792f283148c645008ba50f04396cf03fbe05c13acc38d1ff5f42b17e70
1012;298;1;13;0;;0;2016-09-12 23:33:50;fbcbcf4584709b2194b714a50995d28eda14d2f0dedc8791255a0f9daf5ca4e4
1013;306;0;9;8;;1;2016-09-12 23:34:54;0779c34e15e01fff2792574296652c53e1fa8bbccafc72af1392f43ef521e0ac
1017;319;2;7;0;;0;2016-09-13 15:39:38;3394d23bf1aac1d4e7957b17ef01eb6c944904d07c8bf5de54b044ed74251206
1018;311;1;0;4;;0;2016-09-13 15:58:37;d157f33360a323e56058a2d9c269ef2cecd95b24f6699a903f63a9fcc4a84715
1024;296;1;3;2;;0;2016-09-13 16:33:50;c116e08a73c1daf80ff450a0d5f72125965faf6a706eac9fb245a64a4dae6ad7
1025;302;1;3;5;;0;2016-09-13 16:35:22;155f240ad70429e60628575d29b1fb5099ab996f3431ccdfb77ec944cb3d39a5
1027;309;19;3;0;;0;2016-09-13 16:58:03;ab43b7f8fcf9d9f723134a92eced68c1dfc47f82390c567b5772db66d9e9039f
1033;209;0;10;0;;1;2016-09-15 19:38:41;f4dc47766fdc8a99e508aab838b90492ad390640094ecd45bdf4c4cd4ec27ee0
1035;311;;;;develop;0;2016-09-15 20:43:25;821b27538e7dfd6c3f8040e3c837a3ac5616efd5d363ec2a9c9e4364a914b85f
1038;95;5;1;4;;0;2016-09-16 15:26:06;5d7efbc97a4314dd2463ad1be63b7403974b3b1290cc25881e9e2817f0a2650d
1041;340;2;0;4;;0;2016-09-17 09:28:31;fbc84308daec6f41dcda0cd4f509074df0d1b830a3c34676601243a4dd2c36d7
1042;345;;;;master;1;2016-09-17 21:59:37;fc605f73ad9c1e2225b1c410887a604941c6e7719933a133c4f3997261c08914
1044;346;0;5;3;;0;2016-09-17 22:11:09;594d56d2650176925d1ab404c48202590ddb0078c2d598c6602ade815ad6fb37
1045;348;;;;master;1;2016-09-17 22:15:48;9df1229a3cd51ddb4a2d88c0fe793690ed552c40d1a4a474886627de9ee755ea
1057;354;1;14;0;;0;2016-09-19 12:26:38;52767efc298a6e16eb2367a66e6de0d6ba2a3b6e03cb3993fd7df7f7fe397f67
1080;356;2;9;4;;0;2016-09-19 16:14:14;ce780e8f13bcfdbe43a59ca02941b674c8c4b2159dd3d8cb0d3e465a5e4659f9
1084;359;1;1;29;;0;2016-09-19 16:28:00;82446b57b1cdfc107ec609a6a0b92afeb72c024924ca52f65b85b54af68115d5
1086;360;1;1;29;;0;2016-09-19 16:32:57;9e251e88bc16d6401c9793cb9968b8278f18553ade79bbd6e0bb3dd67460b548
1094;363;;;;master;0;2016-09-19 17:47:32;ad06270726cc259b9f86f0bb7e64c9db76f78ccf2a993bf9904a19e2dbca8c9f
1101;368;7;0;0;;0;2016-09-19 19:36:26;202c01298f39e07b5dabccc142ed06999b281398fd6bbe0e414c5828b0f082f0
1106;371;;;;master;1;2016-09-19 20:03:48;dea2035e116c12e737cf6e6442d0388caa09ece28b5bb56a690ec0ea562f4aaa
1111;369;7;0;0;;0;2016-09-19 20:26:15;f265aac69e39292d709bd5beb29f4eca555696f92a98e987960f46097ec8cc87
1122;374;2;2;0;;0;2016-09-19 22:28:09;ccee67e68afd113faba1a8057f5cb2d25190aafdb7b00e95ec71f2e6e1b0417e
1125;376;0;7;0;;1;2016-09-19 22:51:18;91711e5be3305fda2c7ebf5474e431a2677af477d1bf44f8cc8f304167669075
1126;133;2;3;2;;0;2016-09-19 22:54:54;ec19a7109c33f55166c016fdc63acb299d51b701077ef329166f8948707b17a2
1127;134;2;3;2;;0;2016-09-19 22:54:54;06ff0da86b437e90f7542db450ef8315ae8177362a534ceafb7879a1ff416119
1128;132;2;3;2;;0;2016-09-19 22:54:54;17c0e5eaad311cc17125a890fa99f432177934ee33223d1e12d2a6a720656616
1129;145;0;9;0;;0;2016-09-19 23:02:24;9ffb44bc9404ad64d7ab11b9f35d8b889d26173a2aff8e05ef16d9d6317f718e
1130;145;;;;master;0;2016-09-19 23:02:45;0cb99af0bc09a5f7ff55b14f56673e3fc06e4fd033b92db727d04684e926720b
1139;144;1;9;1;;0;2016-09-19 23:13:24;6e8a25ec6c38d04956212b96e2b0fe50f2600a7ec9962498cd65f15a78de9a15
1140;144;;;;master;0;2016-09-19 23:13:41;f87d11928afc3f56a0b0af4f386cea8b8c9418009cfcebe4b97d922676875339
1142;378;1;0;0;;0;2016-09-20 14:19:46;2f7a6576e2eb9a389e0882c0fc2ac152399741398c23dafe4e86bed22531acd0
1146;381;6;4;0;;0;2016-09-20 22:35:16;9ef57c95ace97e39accd78805b7abd79349db0ba7a86785297ece451f76820dc
1147;383;3;2;9;;1;2016-09-20 22:50:15;489dfb410a3520cebe866c8bab5bb5e0ee31e13a6c054d8794cc8ad93301fdc1
1153;385;1;0;0;;0;2016-09-21 11:21:41;d280ccf7100b763a284835eacc75a8e2609366f1523e2a14796ed786baab1715
1154;387;2;3;0;;1;2016-09-21 11:43:31;186ac63094c41bcff779ec7c933a25a8bc51580d6c3061b017045b9936ad7447
1155;388;1;13;0;;1;2016-09-21 11:59:13;b67148288bda2ba6918ec84d9c283629038df44c19d1df56f47aad9794bfa74d
1156;389;1;0;0;;0;2016-09-21 12:04:54;96879c7c8ab3cd8a039e7a7947c1ba9a56ff209c86591ead3ba40bed34cd0571
1157;391;;;;master;0;2016-09-21 13:44:13;457f823be9be876786435693e3d068af9f5660014266f16ded21ec4c00ddbe92
1163;392;0;17;2;;0;2016-09-21 14:07:07;45b9afa6fb95549ca3091ebec753071f7a14d9aa284fa8d83cb74fb865bc45c8
1173;402;1;0;0;;1;2016-09-21 16:20:03;31384e71e2a1211eace26334581b1ddb1b39b82c8a560dc52b23c397ceebfb4b
1262;402;1;1;0;;1;2016-09-21 18:41:57;8dba6405ca542658fcf98566ddd5af41b4ecb43911391082e0487ec2218e3628
1268;399;2;2;0;;0;2016-09-21 18:57:32;af02869f427134889333e58e903921dd5ae01a8c01cb7d3cc57febb6c27543c1
1269;398;2;2;0;;0;2016-09-21 18:57:32;df857a55396a94c1e7d13685d27f22def953e33f615e7080276c2f8f0c42d27f
1270;409;2;2;0;;1;2016-09-21 18:57:32;5ccca3c164d1f57b7d47f9df1a2c1a70ce3e4ffef7df6b139cdba1f8dfedb13d
1271;407;2;2;0;;0;2016-09-21 18:57:32;43224d730dcefbde5abcd1297744ac3cb7325150e2972c6452caf97434734e56
1272;408;2;2;0;;0;2016-09-21 18:57:35;835f3ea487c65d911c81e60bb34e088571a81e3de444de93d77a7ec496106bdf
1273;404;2;2;0;;0;2016-09-21 18:57:36;7cc166af605c3511643d6b136e5b5843c7a8e6738602ab5dd367f27082b8173b
1274;403;2;2;0;;0;2016-09-21 18:57:36;e396fe5c010c61add8357bee0dab453e096bcf30e47ab31f76da10eeeba7167b
1275;400;2;2;0;;0;2016-09-21 18:57:36;9f813891436de1db305c82528df7efa7ad8959ffbc099107320070680df68b02
1276;413;2;2;0;;0;2016-09-21 18:57:37;c78b1e46e69e7e5450148acae6eddaef44cfb15964a06e2110c55f77d226396b
1277;405;2;2;0;;0;2016-09-21 18:57:36;d8d931429cd36bb5c3130c346d4a441a20aa479fd5061f05184fea38a0ba55af
1278;412;2;2;0;;0;2016-09-21 18:57:37;f1276452d7dfd283edfa6b5b2397ada1974fac34bd15b46a01aa9b506364d6e8
1279;410;2;2;0;;1;2016-09-21 18:57:37;b6b63afa03f66236fc75602bab2a116db1f9bc5273cfb6f8659f65508d5cc59b
1280;406;2;2;0;;0;2016-09-21 18:57:40;a3a8e617ff82a66ef6f0ac0a113b7cec95e60246ddda4c2529cac20e45554316
1282;393;1;1;0;;0;2016-09-21 19:45:54;ebf8ed804c1fe4b9791ab5b8d823b9d504b1964e1e7d8a5b6bab1e07e0bd33b5
1288;98;0;5;1;;0;2016-09-21 20:29:21;f85bca6e9905d02b29f74eeab8da53cc38815555e2c4254e49d2e0a233e01490
1289;98;0;5;0;;0;2016-09-21 20:29:29;674243560a5ef252d52f339faad082f5bc8dbe0ea2e6876796f027058a6f9b7d
1298;417;3;17;0;;0;2016-09-21 21:35:02;2a9fe71b99164f71c902705a7b991eb6fc70f44c63984dce755561c0a75803b1
1300;418;3;17;0;;0;2016-09-21 21:41:14;d0caba44f2255ed69b035e61ef413c46fb074b96b14c4f5663a2cdd28800b84f
1301;411;1;1;0;;1;2016-09-22 09:34:08;3eb2defefbf82fcdefc55f1b676fe36882d141304e8f5edecf25e48211dd8b9b
1351;429;1;7;5;;0;2016-09-22 19:04:15;972b0112d77e200a7288bfbbf59e5bad8f18c3d3121e2b1095ddd4611b3b56c3
1356;432;1;7;5;;0;2016-09-22 19:04:25;4e2d420209e0ea79f11f7861f7864f7105d3e7a7c2aebee69de329981bd4bb5b
1358;426;1;7;5;;0;2016-09-22 19:04:31;ebacf259520d7bdc5152c1cf16b743e8469238553a4a0d1f66c532540262002e
1364;427;1;7;5;;0;2016-09-22 19:07:08;ea10a2c74b7b779d5aca13abe565b71aede420967e7f9be8c7917e8ffdb4a715
1374;428;1;7;5;;0;2016-09-22 19:15:14;17949b2a4343bef5570ed9b2b3f29aa1a439d013353e412608f30885692ed550
1394;430;1;7;5;;0;2016-09-22 19:23:21;44e8cb7b10b94d555a2d40ce6819816264204a41e3e587990c8facf1818e6777
1423;132;2;4;2;;0;2016-09-22 20:21:02;02614c93b48ff6e1935c76a74442c091db995f80373cc46f3c93e2dfd346c75b
1424;133;2;4;2;;0;2016-09-22 20:22:38;3428a6d27a256378cfde5b4286c44c9328fdd5eb8933493b9e76fc14115da535
1425;134;2;4;2;;0;2016-09-22 20:22:52;96857a43c1b6b9fc00849499fdb96387c7b98783102f237fa45114b6ded98abe
1429;431;1;7;5;;0;2016-09-22 20:24:02;7b15aae8f19256c854695058e8e76a4e1340dc1d13c8e98ad052ff3dea0fb090
1455;433;1;7;5;;0;2016-09-23 10:08:21;28d74bff7f5e8b4eacebe5159b4b92c6966f6d5d7bd49e2e65610a61b8cbc89c
1467;434;1;7;5;;0;2016-09-23 10:09:11;9e467291f300cf4c02432742fc7e0a66b4df03f644fecde5e69de1c3cf400178
1474;89;3;14;0;;0;2016-09-23 10:15:56;540b04b9c0f2a74caccd7299898f508d1a3f4af157c0059170ee183a7e77c759
1475;89;3;14;1;;0;2016-09-23 10:16:36;9c65adc8b864e1bec97550f50087155b8fb65dc4a4d29efa05858d7588e115fd
1476;89;3;13;0;;0;2016-09-23 10:20:08;84dce04673248ecc787a5f071692feacb43b6b8403943f1a20da06ede0ca79a2
1477;89;3;11;0;;0;2016-09-23 10:20:41;98fc2dea20fd9a59531ac7a7761eaa04738d8acf6aed0ce0de6ac71db16b0b50
1487;89;3;14;2;;0;2016-09-23 18:41:24;4590a590449a38c0b7d8b8ed67e428eb80fd9e9f77166671a2394d39060efb8b
1488;437;1;5;2;;0;2016-09-23 21:10:07;7c1642cb59006076f03ec6e6bca71113d9fdfd7d732677c78467936716faa7cd
1496;438;1;5;2;;0;2016-09-23 21:32:57;2d5d1b495fab869e080dd95ba88156a628225e637d5a8c35181238c4ebed19b8
1499;218;;;;master;1;2016-09-23 22:34:20;dcccaa5f268f1501a13434ab3d5733ae30935fc1135e23fd194da1ecb503d23e
1500;440;;;;master;1;2016-09-23 23:53:12;b79a936c1608ba32ddad030b0a689cc7c88d6d32714ad583aa08753bdff4ca88
1504;146;6;5;0;;0;2016-09-25 16:37:45;894024e18297559421ba4943672b1f5b2b584746bfc7e51fb0914ee8fc8bc2e2
1506;444;;;;master;1;2016-09-26 16:29:10;babbec4436fbb89723e497437903c5d2dc1d03a0677de9972d16b5df5375ee78
1507;446;;;;master;1;2016-09-26 22:35:05;4fd945334a89cf7463baf084e1726bedd4e527eb9a20b6b231da25cb0308bc07
1754;268;0;2;2;;1;2016-09-29 13:35:09;088c7ec1357c9eea306edd2a96d4c6099cd33803a79b753ae0ca692021e31d0b
1755;531;;;;master;1;2016-09-29 13:37:11;111d69aede592ee8d3f035e8329f3ae7cd398e8575e1f8f7707d34ec63948ef5
1756;533;;;;master;1;2016-09-29 13:37:55;48a4b73f42ea37190b0ea62342dda9a588554da0043d15ee9db17e2a2e0675ac
1757;221;1;62;0;;1;2016-09-29 15:36:07;b2e99b52dc2c674d66620aa21c83b31c8066829e2447cdb6b1fb61f17a3fa57a
1758;6;1;62;0;;1;2016-09-29 15:36:07;71981658b8efd6a88edbb7ed820f4ab053f7d08b004a10d1b813301d648ca794
1759;8;1;62;0;;1;2016-09-29 15:36:08;d3e132e090c00ab3629c47a118a7aaf73751bc6004cd4ae9c4e4c0d84e05dbb0
1760;5;1;62;0;;1;2016-09-29 15:36:07;fe19c18ae3241583aca5465ec3a4bc4137b9e1a1583bbabd55977bddf67c938f
1761;10;1;62;0;;1;2016-09-29 15:36:09;9e41df274047ccc75a2176b547f00e8c8ec124881e9e97153665ff78d5eba0a2
1762;12;1;62;0;;0;2016-09-29 15:36:09;6e966ba3b49876451b9e77d1b7e4bb8313408acd2732648a4980071787242841
1763;7;1;62;0;;1;2016-09-29 15:36:10;3862a38cdd96675226b53d0fb346c0dd1fb9f907a6b2cfb15d25e69a6acbef31
1764;13;1;62;0;;1;2016-09-29 15:36:11;a0431d836d12929bf80ae310d47d9a1d56a1a21e21ced076d6fd780c7c602441
1765;9;1;62;0;;1;2016-09-29 15:36:10;f9f4af655e439e788561e035bd0f3ef539ab8bfe12747114863a346b224b935d
1766;223;1;62;0;;1;2016-09-29 15:36:11;62c12f1f6d27be517f18f674c7a61e7d2728da7aa191a532b846bacf2c50e86e
1767;11;1;62;0;;1;2016-09-29 15:36:12;ef445d631d5c82ebbce290e66276445bbc245cd5d69d3d200efc088177124eb1
1768;190;1;62;0;;1;2016-09-29 15:36:12;89557d1dc94161d811bfe008b63711ea9f72c2dbeb0ae57b06acb4d132678fb1
1769;15;1;62;0;;1;2016-09-29 15:36:13;64766ec8e79e6da69d1c4d9b9c2ca71d21e98a53656c7753f348b531af21e9a1
1770;14;1;62;0;;0;2016-09-29 15:36:13;598b2236ab1ecf198962ada900f9c9e6f952710a45f6f6d60da357dadc0aa719
1771;222;1;62;0;;1;2016-09-29 15:36:16;39551eb3976eb86393397be3f3da65a194bee9cb99e0c3ecf36d4d191311fade
1772;226;1;62;0;;1;2016-09-29 15:36:17;63ec86edbf73029957dda9e12217120db9c0204758652ee31798916ab926a4b8
1773;225;1;62;0;;1;2016-09-29 15:36:18;a281ee3bacd196f7fdfb56a71d42c83b3d2b4b573ece7eadaaea7e6d809ff047
1774;224;1;62;0;;1;2016-09-29 15:36:17;fd29d1eb668e90483c90bb1ab8ed9a4915f26dae720fa3d9783d77074181e544
1775;227;1;62;0;;1;2016-09-29 15:36:19;9c493a0ce88a841aa4f0b9adbc09bca91aaaf65eeb31334f33b37ea21564b8d7
1776;17;1;62;0;;0;2016-09-29 15:36:19;52b7a056039dc6cd73c0753840a379d35572bb5c7ba9f71c73a965067f825828
1777;84;1;62;0;;1;2016-09-29 15:36:19;bedeebd6704cb99a836e3626234195932544321f1ab16de14e33230ea75636de
1778;229;1;62;0;;1;2016-09-29 15:36:20;1ac9cfa9e3660f959045adb88c179050c5472198661ee8e2d762156dc8b2125e
1779;83;1;62;0;;1;2016-09-29 15:36:20;26157964b5fcd1d40d8a2a317cdbd21db4cd0917ce581f123694455ad28b664c
1780;230;1;62;0;;1;2016-09-29 15:36:21;4fd9b91897d14670812560af23c6d61849e56ecf3dda6f49fb4f880bae22d7b2
1781;16;1;62;0;;0;2016-09-29 15:36:22;9ff802afeaf0eaa885ae44c42d74bfea2bbc6ffd43d5b7bee72e65984e49f260
1782;19;1;62;0;;0;2016-09-29 15:36:22;c053f28a3003bd970458a365862af3724214cd19e29cec7098547ee07f1ab05a
1783;23;1;62;0;;0;2016-09-29 15:36:23;28f39e2942065f844bac01da28f45515e71059189556ab17f21c80e08aaed4ba
1784;527;1;62;0;;0;2016-09-29 15:36:22;1b7137d1bbbe39886cbc5eaa8e8c0b247a5e9b49d833b7039cfb0bcfd46511ab
1785;21;1;62;0;;1;2016-09-29 15:36:24;fb0d37a70b2a8151be750aab37019a43c2b0c126a79e2139e295e7de5c139ae2
1786;25;1;62;0;;1;2016-09-29 15:36:25;984cf02c99daf597e7807e0386ae9be77d99913952745f672ff89df749248d57
1787;18;1;62;0;;1;2016-09-29 15:36:25;87f66f276e19a5d32db3017bdae7156308dd534f7b0bbdf4cb83388da3635545
1788;26;1;62;0;;1;2016-09-29 15:36:25;5b6743914aa7ded54deaf76cfcb3defba41858161f4e896261acc5bbf009bf01
1789;232;1;62;0;;1;2016-09-29 15:36:26;2fb75457dfb187cc4758b1d6e0da185d35c5bdb1bf644b5675eec7410482799c
1790;29;1;62;0;;1;2016-09-29 15:36:26;4e6b1c849ce532ff638fea6c5d6497ab686d589dcbe240777eb3ab6ea234d892
1791;20;1;62;0;;0;2016-09-29 15:36:27;0d18a149be805dca6ddb496dc68be41fcd9283b6675195cadf514194e8da15b6
1792;233;1;62;0;;1;2016-09-29 15:36:28;8e980708a8463e0ba57939eb5a4b7625902ae069cde8eda70d7ddf48f9dc97c3
1793;30;1;62;0;;1;2016-09-29 15:36:27;728de45b1d165e646b47f25940971c456874eeb25e8cee937ae7bcdbac26f54b
1794;31;1;62;0;;0;2016-09-29 15:36:28;d12db680852058507ee8382d83294f777cef9bb706f6fae8301c68af5a6b6fbd
1795;28;1;62;0;;1;2016-09-29 15:36:29;95d09f5a7cdb73c77af114dfe6fa9f2edfc4a8d10b67e825328599e069f8954d
1796;22;1;62;0;;1;2016-09-29 15:36:30;b41b6c69e68a96d62e59eb3dcbbf48269da8ad3abb96d8386b6edf5bdeecaaff
1797;24;1;62;0;;0;2016-09-29 15:36:32;0b0e9e5e84152784bcdedaa64cc57e5c345022200a31692f65e3b8fe01e764fa
1798;237;1;62;0;;1;2016-09-29 15:36:32;98f5cbba8abe4fbf10247388cdf7a2ee6d073f9cb395e1f3c9c7fb15c1493b40
1799;27;1;62;0;;1;2016-09-29 15:36:34;0e1b9a3ecf60f692a336f790e9d523581bb1a7c82ceaf39a2d3d073698bd08ca
1800;140;1;62;0;;1;2016-09-29 15:36:34;9bcf5d7397389710068bf08465ba9e6a0be99f619aff84c910a42e9f3717efac
1801;236;1;62;0;;1;2016-09-29 15:36:35;038e9207780a50bafaf2badf02abb84f8146dc58ca1b94ec35912afb5ac28078
1802;36;1;62;0;;1;2016-09-29 15:36:36;50f56909882a7684190043a48bab0425754861eb838e0ddd918ee906c0b95257
1803;234;1;62;0;;1;2016-09-29 15:36:36;4ab4c712a10beeca7d052e38c3a9d37d35c9ef52c282b0dc2d0d2430679ebdf4
1804;231;1;62;0;;1;2016-09-29 15:36:35;6f149150c5e963c083b5dd9a67a91905c482ec763c3e4d82caf36d1b003da7e2
1805;38;1;62;0;;0;2016-09-29 15:36:38;f61bc1c2a8d370e44a0406c3c8de5c5a06845a2f48537f6321e7c3afe7a68670
1806;235;1;62;0;;0;2016-09-29 15:36:38;94c7cf38c90cc2ce4c1c6a055c8c0fdef94c4716a7d2e7e4259436d9d957857b
1807;35;1;62;0;;0;2016-09-29 15:36:39;31ffcdc05704c568bb7c06f62c1bc8f98b8b1df1f5fcb9fc3b88278ec311d439
1808;239;1;62;0;;1;2016-09-29 15:36:41;242c9ff2d5c084ca89112d504643f68d004cc93eff63eb8eb9e64d562b79d91b
1809;244;1;62;0;;1;2016-09-29 15:36:41;767d9c5939843258044b2094952b6d73792410b685db49f9050af9ab7c08b672
1810;42;1;62;0;;0;2016-09-29 15:36:42;0b2480fda29a6d1144d46b1c329976c045668c3b483a1a6675608d8f6bfa5579
1811;240;1;62;0;;1;2016-09-29 15:36:42;11ab85354bd4be77299cea1db9fdafc5bf77adf17f5223677cf245fbeeeeda05
1812;82;1;62;0;;1;2016-09-29 15:36:43;1332bef8adcb8f289342e2a8abe7d656089f4bade233cf14b5e145757ec084a1
1813;33;1;62;0;;1;2016-09-29 15:36:44;765e418cead62550885890bf9327de32ad172f6d8d0b97986fd4afa47219292a
1815;44;1;62;0;;1;2016-09-29 15:36:44;2d9826195f5aad2ed8aef442c6ce320bf8ecbc8ef92c905e267a1232c09c8540
1816;250;1;62;0;;1;2016-09-29 15:36:46;4c9311f1d8e58b42e2450646c5b281955b006c5f798d065d107a20e07b2af545
1817;45;1;62;0;;1;2016-09-29 15:36:47;c940f3f6cc193bc37c5eb86d665dda696e948959a9607f6a87e85341228b16e6
1818;249;1;62;0;;1;2016-09-29 15:36:48;1a2d9ebb22f4f6b0963fee5f96e0c22b847fc6e03ebb6875edefd5d27a430d5d
1819;41;1;62;0;;1;2016-09-29 15:36:48;a323c1d6720f181c4c935a8bfea160cb32c7b9c15af3e2fdeaa83875a365bfd4
1820;32;1;62;0;;1;2016-09-29 15:36:49;aeeb41e67f91eafcf7177b0f0f901f7ace18b9d5cf04b7f25f3eda2500dbc204
1821;48;1;62;0;;1;2016-09-29 15:36:49;fc2e6aa70ea50adf6b9f90c465e150035619a5515899082a2a81912fa450bb2a
1822;241;1;62;0;;1;2016-09-29 15:36:50;bfa7fb9413bc13606726fc2934c4ee21406c836cdb31b82801d4023fd54e8f87
1823;34;1;62;0;;1;2016-09-29 15:36:51;80d55f46997377e96bff4c444b5997dc3a84ed7669032a8600d4ac7562471bee
1824;52;1;62;0;;1;2016-09-29 15:36:51;362900e70e5e088c8b76d1f20ff4bd72f2544451a358bc753718db309e75186a
1825;242;1;62;0;;1;2016-09-29 15:36:51;51c26e92d7aaa1d04b67c5aa5410a06e16b8ea644678bd5b94622088c737fe4f
1826;37;1;62;0;;1;2016-09-29 15:36:52;df2bcd4631a480736732e5571db361eb115751db8bf1cfb770cb8f673b5a759d
1829;58;1;62;0;;1;2016-09-29 15:36:56;6bd7ceedb8289496ba422e8257c4ab069cb8ac49b8767bb24e645754725e963b
1830;40;1;62;0;;0;2016-09-29 15:36:50;1edc0c5efc371357193e70307c4698bbb3d779f95de35f3ec5fa7f63456f2682
1831;243;1;62;0;;1;2016-09-29 15:36:55;91723c8eed85af58ce6b1ec7e4178bc672349fd4963aebcd53afc4a06662fab0
1832;60;1;62;0;;0;2016-09-29 15:36:58;f0ea972b7cf714254ecf1b0d2f32d65cd3bc19d9ba84832eb9cbe305a594d964
1833;51;1;62;0;;0;2016-09-29 15:36:59;aa8b8d8f19a756134dc2d58839fef96b403b8f1f7f4339bba6216642dbbd4e3d
1834;191;1;62;0;;1;2016-09-29 15:36:58;5bd0f1e96dff604d6191ae8672d4bf5f35b27189b546f498cd2c476568ffc309
1835;247;1;62;0;;1;2016-09-29 15:37:01;0fbc3342a12211aa1e3418613f243c24c45121b4e2790fc69f15a0bce679cd0b
1836;43;1;62;0;;1;2016-09-29 15:37:01;38658b4b14ea2461c40a1e6006518b832bbfdf4bdd8e30561e594082dee35c37
1837;252;1;62;0;;1;2016-09-29 15:37:02;34fb8335a3a5175fca072b8fd49c0098e5bfac4d066ba88b062db604feff3ffd
1838;261;1;62;0;;1;2016-09-29 15:37:02;a6f02a83b25a3b05fdacc227fcb79729de4367f436d2185b99e173f0ed677436
1839;57;1;62;0;;1;2016-09-29 15:37:03;3ea124e2a834365124f17fee78d0a9b23fc234ba8df8c41bba80136ac6cc9d13
1840;65;1;62;0;;0;2016-09-29 15:37:04;9bdf66b8475de1db08837fb2cbb564ca60392a73e5c18a044fc1402c12270f38
1841;3;1;62;0;;1;2016-09-29 15:37:05;28ee578dd4e5ac5150b1750b3ede9a969664e222b8289882943df1387a568bb2
1842;69;1;62;0;;0;2016-09-29 15:37:05;d2afa22c42407db2128e6431a8e9a496f90f25a2c77430fcb046d341e2349453
1843;165;1;62;0;;1;2016-09-29 15:37:06;06b36c4a9347475e62871b10b04a1d9a00a3dbb02023491fd0276c249cf5fc8d
1844;71;1;62;0;;1;2016-09-29 15:37:07;6fc2a20d56ffc748a5fe6f4cd73e86c5e8b00165bd41588703aa0abdbfcffc8b
1845;47;1;62;0;;1;2016-09-29 15:37:07;375b554379243bcaca0417fe6e90e236bb0660fe759c19849c0fa1a367e9471e
1846;62;1;62;0;;1;2016-09-29 15:37:08;6f583aa3e85cb0b6e264cff7055c60d5e743b9da664283ae196fcd6999f1ba8f
1847;75;1;62;0;;1;2016-09-29 15:37:08;04742f030de487cc57f5ec8d735002d3f03ce48ee8eefba438a1eeef9fac4ae8
1848;64;1;62;0;;1;2016-09-29 15:37:10;ae26b1bdd0e340551a712c488cba86ee47dad1b643bde46c8ae8c044d397b19b
1849;77;1;62;0;;1;2016-09-29 15:37:11;1adbdfbd193854e762a9c3024fc31ae42fd2711b70e4eacfa380ed57fe2dbfa3
1850;68;1;62;0;;1;2016-09-29 15:37:12;bab202cbe092b1309a0e5b53a22f8472987acd746cbcf28c93b696fcce5b0e69
1851;79;1;62;0;;0;2016-09-29 15:37:13;19a8e73b0374926f7ca6892550ba0eb9b8774b877b0f88a6ff2b0f44a4e0ccd4
1852;256;1;62;0;;1;2016-09-29 15:37:13;05d4a3975aaf5da12447d2e7f9ce6a9b4d33c0afa723b7eefefb3adcc71e160e
1853;255;1;62;0;;1;2016-09-29 15:37:13;5caee92b5a98f4f78a14e811b216987700cd00df4b8c9c3f36be980d07d92a98
1854;50;1;62;0;;1;2016-09-29 15:37:15;7af6b8b6c28800d23a8afc93075855f27c4dbdf9d9ca00de2212b5ca44891e9d
1855;46;1;62;0;;1;2016-09-29 15:37:15;eecd49f5e72684f3af5307bc9cca0e6819ddeaefc3e13e181a86e735dbaa5434
1856;49;1;62;0;;1;2016-09-29 15:37:16;7a19fd0db719ad64db275110c1296a67298169bb7b9e9897bb4da446620286ca
1857;74;1;62;0;;1;2016-09-29 15:37:15;f32ffb2f57cc143be59959b02a50a886fe50a548a699e29c93d53a59e568c0e8
1858;53;1;62;0;;1;2016-09-29 15:37:17;db67467532c4750a8604a8edd99b13f3ab6190f6aed584719dc2ea899fdf9044
1859;528;1;62;0;;1;2016-09-29 15:37:18;0c742657b41de5dd9503b36d6bcd03289543e84dbe57c0b41edf84f10a7394d9
1860;76;1;62;0;;1;2016-09-29 15:37:19;bfde1b0eac4f5b068b7e23b5a9752e06cfdec0debbd8dd055ecb13f0b35e6e71
1861;228;1;62;0;;1;2016-09-29 15:37:19;14d3f80c2e9467fb21887057bc118e46bc57ba8aaea73a5bd59024818efe162d
1862;54;1;62;0;;1;2016-09-29 15:37:20;f7e16d6df86e51d94e7fafcee3ff358cc8ff9a07aeb72f19a1c3a89b5505b70d
1863;61;1;62;0;;1;2016-09-29 15:37:20;92ebcde9b48fecd01ff997aab39f13ca775211e82c0727f1393a40c2e3cca169
1864;189;1;62;0;;1;2016-09-29 15:37:21;3db7235f61bfdff33513c68e0f1e57ac6422830093d879d2f11fc2dd2c125160
1865;63;1;62;0;;1;2016-09-29 15:37:21;4e87fdbdaa70984b93449cb2e1a273599815a5f3211aededc25f1cd5c9da9b7e
1866;66;1;62;0;;0;2016-09-29 15:37:22;624e7d76601d5f41d2ab0b6574489ad0083efa347fa0bc6e65285fe779b628af
1867;56;1;62;0;;0;2016-09-29 15:37:23;fa28bc530ff5dcdfcd43deb0d37008399226f315a3d797943b21db9250f6fed7
1868;70;1;62;0;;1;2016-09-29 15:37:23;b02436f95b9cbd04e5b21fbeff3aa77eb57782a228645ca506298d4dfa127986
1869;72;1;62;0;;0;2016-09-29 15:37:25;76035d6cfc99c781d1652cc4d19242e039ef85aca05d7ce78f4770ad004519de
1870;59;1;62;0;;0;2016-09-29 15:37:25;b9624bbfa95b7a9fb3d8a9cd08e76506f915c1059e2d8f6bcc339737eecbb9b2
1871;254;1;62;0;;1;2016-09-29 15:37:26;059a53a92f0fcd2c126f38a87f2f6c363796a0e99e4620e9d68302762549a468
1872;253;1;62;0;;1;2016-09-29 15:37:27;bebb7dc337a5f55d1a4e6b0bff138f3fa89299de91f301835b8c70e6ea7f856e
1873;80;1;62;0;;1;2016-09-29 15:37:28;43c39f5d3a4b8275261099e5f8474e4e22edf8a5290e3aa318cee073b0153960
1874;258;1;62;0;;1;2016-09-29 15:37:28;008888fc16f4e5d7b43b0abf99088ca3362b50d93893982ed95cbef3f343f5f5
1875;257;1;62;0;;1;2016-09-29 15:37:29;3625cf52f7598006efdc89ec2982953e5f1595bb7a95655b6fc7af1fbdb07914
1876;73;1;62;0;;1;2016-09-29 15:37:31;1263dc99f939c8224b5ca92f6800f2b9af143ce9c5dfda66e2480f9281dd6baa
1877;259;1;62;0;;1;2016-09-29 15:37:31;31ed33f00f819c76fb92429b62ad34f4b885d75184c856994882946d530f836a
1878;67;1;62;0;;0;2016-09-29 15:37:30;701b609d4e771994af1b005a19a95a9784c10d2686450652133809438639b5d7
1879;260;1;62;0;;1;2016-09-29 15:37:32;2ff3de730cae10b19b8118fd84a6f44b56eda4b35f7f7f4e079d13f0f0466143
1880;78;1;62;0;;1;2016-09-29 15:37:32;7248cb00bde744f1d5cfb01b85dc609992b7de5bc3c2a6394b730f73000b5b7d
1881;81;1;62;0;;1;2016-09-29 15:37:33;175916354b7bb3bf282487b45a9c5ae5e60585d1403e4549f82800a54b7fe19a
1885;549;;;;master;1;2016-10-03 12:01:51;4b9600ea6459d24603ec219cf9f9c7c6c5e32fd5e363f6fb2916dcb10cf9fafb
1886;539;;;;master;0;2016-10-03 12:09:13;1ade01f3ef16cb923855237414ac57c8dd4443086314c0bcc772043c49de3de2
1887;541;;;;master;0;2016-10-03 12:14:12;91e5de25c34b4b83ec70d571836485b8a30af8db20aab69850ca65b47a83fd81
1889;542;;;;master;0;2016-10-03 12:14:12;818db7e3592d2c6a1b922989e3d58969ad7408b1202c623144e00bd5d0aa3a20
1890;540;;;;master;0;2016-10-03 12:14:12;c7dfbc4d34ff5e02f37fa327be4fb703e23ad9f2b2e94fcd9f8dddd27c3449e8
1891;543;;;;master;0;2016-10-03 12:14:13;be4f9d38b0ebad65f907c1ea4d4a2b3bd5feb8ac45cc07e17aab3cb06f6db689
1892;544;;;;master;0;2016-10-03 12:14:13;4fd11a73d264dffaf7b101d031ce8a641f93e2d1d3c78abf198719e164d8d8f5
1893;545;;;;master;0;2016-10-03 12:14:14;1aae44417cfde23f93a238e75c0b93194e863ae337906be59d7da19333200a8b
1896;546;;;;master;0;2016-10-03 12:19:24;d83b3ab58479f3ff77112ead9482794a2e814c2625917fdc084d2a5b0b2e2ce8
1897;547;;;;master;0;2016-10-03 12:19:39;31eced04cdd52607fecaf23e198e4cae8cb27d9d41fe8c7e01d21a1b081beaff
2210;451;1;0;9;;0;2016-10-03 22:33:30;9c58d81cb80c6e9837fab4348b6fd86a1b4a3a556d1c03c6467fc32e29ce78bc
2211;450;1;0;9;;0;2016-10-03 22:33:30;50ae6c0e5db4be9537cc5c40d76cd3d259380b29dce5ed69f269478785227447
2212;453;1;0;9;;0;2016-10-03 22:33:30;cf682579928423807dc8b9f3130e3277ddcefeead9ae9aceef8957df0015e716
2213;452;1;0;9;;0;2016-10-03 22:33:32;4ee3c8dcf22196f547d40a71a625d2fdc793495f17ad785b3f6e40142510a6a1
2214;454;1;0;9;;0;2016-10-03 22:33:35;b19c14cb99811f0b5421dfdcde5a04420fa38caebe49e5dcbfb95028adba31f1
2215;550;1;0;9;;0;2016-10-03 22:33:39;05bf16a7d329278c8bc78bb4700222779d532c6c1ece99df7f01c2fcc79ef4f1
2216;456;1;0;9;;0;2016-10-03 22:33:41;2fa08847395651487dbb69a17c93e5aee1a1ef014b366d5b5b2174effc9073a1
2217;458;1;0;9;;0;2016-10-03 22:33:43;eb2a5acadc6db9bdddf17bab60fd86bce4e4e9d71db1d7d38bb7dcfc8388f985
2218;457;1;0;9;;0;2016-10-03 22:33:46;e40db931908be7c68cb63b38ed3aeae101ef167ec6c481d81ebd181c6cd3e960
2219;455;1;0;9;;0;2016-10-03 22:33:48;04aa27948561e783824dec01ec753fbba582535055fd5356b6cf0a312ed1d025
2220;460;1;0;9;;0;2016-10-03 22:33:49;828a870302a87bc2c22db324401699d00ce95a9f27caadc73b88298ad4bebf56
2221;462;1;0;9;;0;2016-10-03 22:33:49;c5bc7355ec6bdd91ab71c5df08d37de4e0fbef6552073dd92340905f337db67e
2222;461;1;0;9;;0;2016-10-03 22:33:52;b4dc8c743fe0c8d985de1764a3d63e61c7b788afb7b9adf11e6f70185022fe66
2223;464;1;0;9;;0;2016-10-03 22:34:01;bba2c2cf678f00aab2d815f88fdbd7fabcedbbc601202aad7b1578f008fba2e9
2224;459;1;0;9;;0;2016-10-03 22:34:02;2c38d12fde28429a6ec51ff9b6aa6b2a1b95dba77de39bb74bbc668501003a41
2225;465;1;0;9;;0;2016-10-03 22:34:01;dbfd9079a61f7f99a27d99b041e6e8832aa9844e3cc88f4cfc01c2d272909dfd
2226;466;1;0;9;;0;2016-10-03 22:34:02;b90ebe242fca8112ea70e2231362aec8e4945b22f3e95e2291cb6f6510979fc3
2227;463;1;0;9;;0;2016-10-03 22:34:09;8d71fcc954c358d31ed8ea0a24abf10556ce84cde7a9b63b1c1eee28d0c75bb6
2228;470;1;0;9;;0;2016-10-03 22:34:11;669783d03174ee758286262e89dc1c5cb99dcd956af244fe222142bfcb9ce2c2
2229;469;1;0;9;;0;2016-10-03 22:34:12;388a3407bbcdc4fe13c56508d96dec4f149bc60a8fc66c6ed7a107710bd154f9
2230;471;1;0;9;;0;2016-10-03 22:34:12;a0ba9cd777310023ff458fb4b9aab67b1818d711a59d0c365c363763bbddc9b2
2231;467;1;0;9;;0;2016-10-03 22:34:13;e373001a6233ba955383b9d33ad5040e2f9eb4c015eeddb7cd0b3d354320cf3f
2232;473;1;0;9;;0;2016-10-03 22:34:26;6fe24e93feb4f0f20ff77beddc0deb73e17761d3c1508c1322016c7d891cb911
2233;474;1;0;9;;0;2016-10-03 22:34:27;531bcd88ea174b2b20eb1d78b19875909bb2ce9e16aed7154b38c9320214f948
2234;475;1;0;9;;0;2016-10-03 22:34:26;aee195ac835f20fd454fd64825417bed01f778bf8630246d9a2b237741636b93
2235;472;1;0;9;;0;2016-10-03 22:34:27;779d52e0750700fcec623ca74a9f86c5a1df28ab61f47c851cbf4361ba78ff3f
2236;477;1;0;9;;0;2016-10-03 22:34:32;997a298704d439576f94998baf03c2e6cc14524e279cd33afd437b858b77c56c
2237;482;1;0;9;;0;2016-10-03 22:34:40;771895c16829bb55e1125dfa927968d7aea1e67c37855c01acb71131840225d2
2238;478;1;0;9;;0;2016-10-03 22:34:41;fedd5ffda065f450a6de1287fdb8d5baf1b2ce5ff94c757d59d8f8e1af277d08
2239;476;1;0;9;;0;2016-10-03 22:34:42;4805b1164fc0209d46d0cfa634886d3d007430d01a8cc39bdfec15a20d38032d
2240;486;1;0;9;;0;2016-10-03 22:34:47;c990959f6fc698ab9527a88df6fa1e66db41973261c38c610cc432e32afff256
2241;483;1;0;9;;0;2016-10-03 22:34:50;4c109d625dc0c9c381812ee3b422d61b0a6fc1e1c4fc457a26f048583d30cbc1
2242;480;1;0;9;;0;2016-10-03 22:34:50;81a2851780c01b33fd6af0c8777f8e31bfba654f193b6748972a4802b3429954
2243;490;1;0;9;;0;2016-10-03 22:34:53;7c5abf095e3fe8a6e16d944a5d1d335d185056655133baf35c5306f01dfcc609
2244;487;1;0;9;;0;2016-10-03 22:34:58;7d8356e1ce3ac4283b30cbea07cd70439096612033fd8596fa798b8a263e3616
2245;485;1;0;9;;0;2016-10-03 22:34:58;8d92f18a44c4fd5ac758330378e8e5db564bf65edb60e6a7a8f1cd197a497006
2246;494;1;0;9;;0;2016-10-03 22:35:00;17b19527ec208be37cdd60d59f1151e4a4e217f76065e15db9c794bd8455362e
2247;479;1;0;9;;0;2016-10-03 22:35:01;43e56fcd2dbedd2f367820430b9a467a7e105c6c17fb54ee9325f6d1dce9a267
2248;498;1;0;9;;0;2016-10-03 22:35:09;44182ef3720854d5eccfa71873fca78abd0e7eac3763de7a6630703519d0903f
2249;491;1;0;9;;0;2016-10-03 22:35:10;d911ef07eee13013d92161d07767d965d8fe2e941c4fbec97191a701433161a7
2250;484;1;0;9;;0;2016-10-03 22:35:11;8d716acaa936f5d49f2d758e3b2f3f59655c18e1100a7028b5eb22273d9f5252
2251;489;1;0;9;;0;2016-10-03 22:35:11;4b704fcffd0a09fccf1a58f513ddc22af4a02293033f4460d012ddd81e569fc2
2252;495;1;0;9;;0;2016-10-03 22:35:16;496b7dad5647220f68bc8d4898cc33f0da3e5f7fe2ac63d190705ec7df27f23e
2253;502;1;0;9;;0;2016-10-03 22:35:15;2a3721c5273494e8a4bf0e605ad5c39f7937b003362319f5ff9bb00c16c76dc5
2254;488;1;0;9;;0;2016-10-03 22:35:30;66bf6fd54a4002d16791fa8e610bf66c3e540634311d36e63d87545993ff3829
2255;506;1;0;9;;0;2016-10-03 22:35:30;633ead18ccca9a64921f1ab81a776c40b309533f326fa159c0a3b09f4069bacc
2256;493;1;0;9;;0;2016-10-03 22:35:29;9595186e2e704b217901fbce7d394c6500cc68e842b84978e2c7ee1697a11bd1
2257;492;1;0;9;;0;2016-10-03 22:35:35;a650bb6977790c055d02c49ea929ee8610d5f722f2c47ee8bab36f9308f7f390
2258;510;1;0;9;;0;2016-10-03 22:35:36;bcecb85a0626daeb2a451718fb2ae2c810d97d5b9c074e535a7734d006fe50b1
2259;499;1;0;9;;0;2016-10-03 22:35:29;1336e3dba21893439f46e9de56a0c968e4211f3a804b496a718a16e6aaedd836
2260;497;1;0;9;;0;2016-10-03 22:35:40;07bbd7cd296d12291048ccb96c4efea7e73ad56ec3a05001de6b62991f1f58cc
2261;501;1;0;9;;0;2016-10-03 22:35:47;dfb387aed75f627b8d32183e8dfcc53f6ddb98fb669dcba34cdb66841aea93a4
2262;503;1;0;9;;0;2016-10-03 22:35:47;bec469a0ed58813497ae6e72c8af55a139cb623aae86037d9efc4d54d859e80a
2263;496;1;0;9;;0;2016-10-03 22:35:49;e5774f84f81281eb7f7399a0d52f478e5916d4d8c5ac55bf6b24a6f579bd44e9
2264;514;1;0;9;;0;2016-10-03 22:35:46;6ba30747dcaadb77646b481c3224166e30a03cbdf955e4838938aa000216e609
2265;507;1;0;9;;0;2016-10-03 22:36:00;3971e121ab8e5c59007f3ac9a5d4c248f6b01ae61e0d1456020534c34459dff4
2266;500;1;0;9;;0;2016-10-03 22:36:03;032ffc67ec98bba5a86e817a244db656667626fb2d9793dedf4273b16cd48f4d
2267;518;1;0;9;;0;2016-10-03 22:36:02;17a301e5ecc056ecd7bfdc51df5781fb0f14c0be2087f9221277d625a875565c
2268;505;1;0;9;;0;2016-10-03 22:36:02;5acf91fef0fb67bd6a4d304664c2d19166aabeb2d9ea429537c8893f60d059e6
2269;511;1;0;9;;0;2016-10-03 22:36:06;94466b508df73f2f335e77fcc840ed653f7e4a17614088169d08d28ae80715fc
2270;522;1;0;9;;0;2016-10-03 22:36:13;31f1880a60ccc3c6f1a0f74e46c286a54440a534059bcdeab866287c32db7dd5
2271;509;1;0;9;;0;2016-10-03 22:36:13;379033ea9eeddfbab2b279e91ef0f14f7ce2add00820478d9cb7a4ef1bf553fb
2272;504;1;0;9;;0;2016-10-03 22:36:14;1f7bb25d5c5c50584c82af981f806d247940a60f78a7606691750cf3eb165f52
2273;515;1;0;9;;0;2016-10-03 22:36:14;0697e505f734c6e8c7b12c98d32af82f4a60489104b6c36c876db111ac5a6e92
2274;526;1;0;9;;0;2016-10-03 22:36:19;f456b40f283f79cb01f1145ebbb5e62a08dc85c3440b1725faaf18972b394e69
2275;508;1;0;9;;0;2016-10-03 22:36:24;4b02ab635f4646b9494958f0c9e6cc070b51f75527658343f78877165fb18154
2276;519;1;0;9;;0;2016-10-03 22:36:25;a20a564fb22d9a9bf0884e9bef35ff92e8a6bcc534478e15db78504d42a0a951
2277;523;1;0;9;;0;2016-10-03 22:36:26;086eba3dd60b0306bbd0f7f89e8be3000218cab8caa1c70ee1063e4359a5f252
2278;513;1;0;9;;0;2016-10-03 22:36:28;31edea8e65b3121aa988b46ba3b3d627e0b13692ffc7a641672d4ec6dc42acf7
2279;512;1;0;9;;0;2016-10-03 22:36:29;a045393029c9eb12f9e747c1713ac4c521ed806e32257881e004fd7ceed34070
2280;516;1;0;9;;0;2016-10-03 22:36:33;6d8f9652941b07e7bf859969a0fa49f6a36be9e57d1956dd496893331947c586
2281;520;1;0;9;;0;2016-10-03 22:36:36;e0aa0505e1d664e359c0eff65d7533cc7bd4f606fc4658118bf0ed67707c82d5
2282;521;1;0;9;;0;2016-10-03 22:36:40;5521f80237f97b5f86f04f17cdb5b1c8b0c3152d7a42d447758d0c4a728ad8b3
2283;524;1;0;9;;0;2016-10-03 22:36:38;b5ff85b8fa6b5e44fbe01cdc76a93c57882f59844cbb33b1c053f5c8ebbda8af
2284;517;1;0;9;;0;2016-10-03 22:36:40;1125d43f17c536aac39bc01bd6e1d77e5f71e0ef32c3c6e5b55991332da2da1c
2285;525;1;0;9;;0;2016-10-03 22:36:42;cf56ce5919e3d5bb5e32e3682c5105ed24a2b97160ff6970a4e5bd2f6d3d53ca
2288;554;;;;master;1;2016-10-04 19:51:34;8b64b0f928459f379091c7d105c87bfca35d5082ead61a81d8f24d1cbdd2a3bb
2290;558;;;;master;1;2016-10-04 19:56:04;459fc0b9b51f8274d0e9817fcdddce336d8efeacb0da41a3aff6f3b551b9c964
2293;559;;;;master;1;2016-10-04 20:02:20;976eaa2c7f1d699f157d4ece9e1263db871a12b8470b8602096596d6b8971fc3
2294;556;;;;master;0;2016-10-04 20:02:47;fb5f3c9fbd7e0cf173da9339599a48793fba6c6e059bf151d4e2b9a65c18b834
2295;560;;;;master;0;2016-10-04 20:13:17;be769dac81882baebd6250e15253507eb5d5a109be8d113fe7aa032d6c4b3866
2296;562;1;7;7;;1;2016-10-05 16:00:34;f572f4840cdff6e7667c39cd746ce019189a22687a12298e5e2bebee413fd900
2297;564;;;;master;1;2016-10-05 16:03:11;d198c3edef719d9258ec60a72c2fcfe74f15065b2d196ddb20f14e315b83c0bc
2301;567;2;0;1;;0;2016-10-05 16:24:25;ab27c06f429b822627895885a4a3faeb524fe3361220ca8689524760a01814e8
2303;569;;;;master;0;2016-10-05 16:37:38;f01bd765104d0f98c5351b953e3101fbf508f93e4518ede19adcc143c2f73884
2314;573;3;5;2;;0;2016-10-05 21:31:39;b785192626b7dd69a35ebd5ab67e7916e54b3c7044ad72a9a45e499f60f2e7ad
2318;574;;;;master;1;2016-10-06 08:25:48;6d29dc30b032b5f4cf208f05e4924bcd7bf8e2c911541bc9b8158868c5b0e04e
2323;55;1;61;0;;0;2016-10-06 10:23:55;0e2d2609bc01e85652b52d59fc527abc868d942936334bd29c89dd203f47c84a
2344;578;;;;master;1;2016-10-10 06:54:13;df8f2de7250b6973f8a4e7cb71c8c55d5da71c6be0c651077616bf827a98fd39
2345;580;;;;master;1;2016-10-10 06:56:47;357b040d490f6bf2d5b54a89590790e4b9ffc251451f40a3c59401532f187d65
2359;55;1;62;0;;0;2016-10-10 15:00:12;774777f0a03f34e3b8472491442e494743c633b932ac533ca58a829f3174f4eb
2362;582;;;;master;1;2016-10-12 08:59:42;ff239d95fb746c4e03ed39f69ffd87d3918eea60b3ad6c642f7f9f21511c015c
2363;584;;;;master;0;2016-10-12 09:22:07;77949c6a74b0664c2467eb7f4ee234fe36a84e73b37a9770725f2ede54badf0a
2364;586;;;;master;1;2016-10-12 09:22:55;8ee849923b073a96d3918cbed2f78110af700af06ff05bb22860fe84140bf51f
2365;588;1;1;2;;1;2016-10-12 09:27:39;4ecfd8a88844e37dee2f1c5dfbbaf6763a5e88b24bbfa0ec3899e56887d876bd
2366;588;;;;devel;1;2016-10-12 09:52:54;8bc1d36a7df5e57631865129fe0176ddd9da026623acbf4d99f2aad67d9ce253
2367;590;;;;master;1;2016-10-12 09:55:30;586bcd11bd9916fb8816523371bbec56bb6509776c0991c4a66e3f3524928abb
2374;591;;;;master;0;2016-10-12 22:06:25;e408c1efe1f7e13a9ed7e5841bb47e5c238b72b74bb086343a31d92160436252
2376;593;1;0;1;;1;2016-10-12 22:14:45;869edc7f5442be76e7d5f05860e7a072d830d8be0e2f103dc244133477400e11
2377;209;0;11;0;;1;2016-10-12 22:19:19;73d522e82d1e0bcb6e8498b1a39400f9279347f0e4859b28f4e47423c88a2271
2383;596;;;;master;1;2016-10-12 22:36:03;8089f6ec0beb3909ab5ea20f94c568c76a7e701551689fcc54e3f34b96077944
2384;138;1;1;0;;1;2016-10-12 22:37:11;d488a70e76a4442e8dfdd77ed6017cd81c970b1346a9a5448541fbbdf76f8947
2385;138;1;0;1;;1;2016-10-12 22:37:37;4e7b1dd7053e35feab5fda8b2762b79aa9b992e2af80a9034b1d92982eeeff6e
2390;597;1;4;2;;1;2016-10-12 22:51:03;4fab12f1134d9a07399397c03ae8b56a970ffe7ad43f8e5273bd34e4a700dc6e
2391;594;0;9;0;;1;2016-10-12 22:51:35;17a46cfe9f1bd93a3be36b91b657b397485cf1be9112b0921bb2b66fe5f037fc
2392;598;;;;master;1;2016-10-12 23:00:45;3a7fdcf4238fce647bc6440b0bdbbd34cd9c1b09c013895d0bb72bba3d650045
2395;600;1;1;1;;0;2016-10-12 23:05:54;8c1e9f1e5225a49b5e4de4fab3458b52a2f02b77e0dacece58c48a3031eb77ac
2396;152;3;0;0;;0;2016-10-12 23:22:53;67ddd526d2954960022d57c36aac8d96d6d7b27a44c96b703e36f04a718f4386
2399;147;;;;master;1;2016-10-13 18:08:47;f2983da9f0d2b8a47d095e92fc55517a42c47b7720ded30d0bbacafe62c40766
2401;604;;;;master;1;2016-10-13 20:09:47;a6ba16e44ffa079da98cdad3e8b16fa955e1a15546704f1a6853f7fbb922e9e3
2402;603;;;;master;1;2016-10-13 20:11:23;071e857cdf844cd1947dea955412c99c62855243aef39c70c639682d9af4455e
2404;575;3;5;2;;0;2016-10-14 10:49:29;608aaf93f1c28c79783f56efe51858f242a564cd6d4d6ee7049548bc742712f8
2405;572;3;5;2;;0;2016-10-14 10:49:55;3c5bbaaf407d4becb0c6ba221311cc33a2c24d8e95979e021504ccff1749a8c1
2415;93;4;0;1;;0;2016-10-14 14:33:25;9c5c3e5ef9f5b31297307bea8bcc715706eb22ed07aba742c85ac514cacfd706
2416;608;;;;master;1;2016-10-14 15:54:24;0f0411ba76367eea5fa1f1f1f5e2385f9ec15c5f6ef67da4bf291cb284fbae01
2417;89;3;15;0;;0;2016-10-14 16:57:51;a8d7d60520ebdeb7dc941f3fea43bd8ed8174a6e8f156e7baf39a931fdb51ac1
2418;606;;;;master;1;2016-10-14 17:46:34;a9dc1bc5410c76f07bcdb5f96629206e396b27e6ae858360e54f0168c605f415
2420;612;;;;master;1;2016-10-15 22:42:50;c3a3ba3b7632a289a72acaef947a2bc94ba54f650f97560e86eee0ab25679fae
2421;614;;;;master;1;2016-10-15 23:22:58;4e05b5b088faa09a681d11a898803b9f80c5d5651f860b4b647ca97bd2b0fa83
2422;614;;;;develop;1;2016-10-15 23:23:26;9a8242dd3c13a792f4d205c97a3e4343cbdd5a9b437c7d70232aec059627b1c1
2423;442;;;;master;1;2016-09-26 10:07:31;76fd749a9b0651f7e6b8e5a483e8f4bb32ccf104bfebf02a8cf440d86cc77feb
2428;616;;;;default;1;2016-10-16 11:24:00;a1c83ae297b587839a8df09633bb9fe6d8593af37d05b57509d99891d77acdfd
2429;39;1;62;0;;0;2016-10-16 16:57:15;e48d2981e4bc8a46396126b42d86b05e9c7ebe216cbae372960a93634a2ea83f
2430;39;1;61;0;;0;2016-10-16 16:58:11;48720804e837b41dd0646ed6f95d064bf5b4df711e948748e1d5b29d73d37675
2439;620;;;;master;0;2016-10-16 18:14:45;27e70970aa800a88f813be22dea4c744bd598cf899cd5149ac44ee20a54b1157
2443;622;;;;master;1;2016-10-16 19:17:47;de7964a342818a69b30a5362a4bf030ae7c527341a8b49bbb03b784a645d156e
2444;624;;;;master;0;2016-10-17 06:54:59;885082025fb958ba0ca07bb12ba0f5715a7f1d57000ea4bb1b815a974c0b7f60
2450;628;2;12;2;;0;2016-10-17 19:41:15;978e2ff5a1ef948802744e4e3aab777cff2da60d5fc77926b9b3b87e8264c998
2451;629;2;12;2;;0;2016-10-17 19:41:15;2904b45122831156ab9eb44c74db17d680d2607cda39ba815bf2a3bd20ccb68f
2455;632;;;;master;1;2016-10-18 19:50:39;681d0fe53f0e3c2888aa864c298afa2584991378485f6424436b46c59ab27a05
2458;383;3;2;10;;1;2016-10-19 06:33:18;df29624ef56a57a2fe4b53fda54a132d39cc681e709a5527d356a9d068985156
2459;634;;;;master;1;2016-10-19 18:56:41;babdb71cee1c105e9425503387e572865bb13075ca8873afceee3ec159e2b29c
2460;341;2;0;5;;0;2016-10-20 20:01:14;6282b17e35a23c75d6f65acda027dc919eb1d2138e1f1bdf5e33ffc7d81d8a1c
2462;610;;;;master;1;2016-10-21 10:32:27;91f5f7900e9982549b25a764ff261a473db16fd5d1f92459f3675d075c321630
2463;638;3;1;0;;1;2016-10-21 18:44:37;513c089645d9545520e9a79de4bf518685010015673fb4c3e7a9b5c46f2518ab
2464;639;;;;master;1;2016-10-22 21:58:19;08ad44a09e0cd855a548db6bcd4efe2c1f6ee43ec6dcc6282442600de1619bfb
2469;632;3;1;0;;1;2016-10-23 19:18:46;20cb21b165557ebc272b8a52b4928d3b230c5e3a2d9926942ca7973b959590fc
2470;640;;;;master;1;2016-10-24 23:47:28;4622587333df560ac6a62a0efc57a0a3c34516c89f34b11a9dc46e18cd34af3e
2471;552;;;;master;1;2016-10-24 23:50:17;d57d68347e6fac8e69540063b43ef021eb1c2ef54307829912a88644fc62ee32
2472;641;;;;master;1;2016-10-24 23:56:32;b11f85d7d56f80d67599527fcffb4c1d000fcbf1f893701c39fd1ec7f9415269
2473;145;0;10;0;;0;2016-10-26 22:17:46;5fedab3ce01420bd24fb6d00a2b4060e0411482f8f4420b2f0d5a8151ec37d1b
2474;145;0;11;0;;0;2016-10-26 22:17:50;d7f2f861549bb95888f20b924e75cd354b2e8915b1f43bad3249f389b819512a
2475;643;;;;master;1;2016-10-28 07:25:08;71cbbabce276c5c64c86992610b94e0f59fe9cf0882f93c351f0f332e4dd3824
2476;643;2;1;3;;1;2016-10-28 07:26:03;69d77e7ea50387269696651971526fe277aaf99b8618039a85ef1936b67addc7
2477;644;;;;master;1;2016-10-28 21:44:26;348d199add2e3d5c17c2e23530edf1e989d37c3053b47017522f54ec24582ad6
2478;646;;;;master;1;2016-10-28 21:45:55;5067347ae5b94c001ebd570002667a29ae933b373e4e0f7642b43fe2db15c96b
2480;648;;;;master;1;2016-11-02 22:23:05;b16deedb7eefd8e85db278d61d5563be548b8aeccde23e48706fd5820c5b7125
2481;650;;;;master;1;2016-11-04 17:41:26;73552da652826fbe58fa4d4bb13175a9b6c73e80cd455a419fbb417a96c59f35
2482;176;2;0;2;;1;2016-11-04 18:27:44;c00a669fb8e9c7e1daf8afb2491b07fe42f51aa891c0dc234ab9c5f7740b7642
2483;176;2;0;3;;1;2016-11-04 18:27:46;a31fcec40b45c6758218f0b742431ffe563ab93e17b3848362ec2f42399fd3dc
2484;176;2;0;4;;1;2016-11-04 18:27:49;e03f3b168b2315b111bb2c0e0fc0fe34c8902378238502a2cb60d37764cc25ba
2485;176;2;0;6;;1;2016-11-04 18:27:55;b6bca040a101e694918e18af4dc3eacef96d21f9ff490e6ff5b8c33c198d5269
2486;176;2;0;5;;1;2016-11-04 18:27:52;756e2c558b47b97e8021607a16fa4906234e5157340c7512e0cc855c7dcfdca7
2487;176;2;0;7;;1;2016-11-04 18:27:58;25a0a6b4d45f1c4c999b0c0da6536bda13e73877f1c3a59b2432d076e5eb60d4
2490;652;;;;master;1;2016-11-06 11:10:20;5f74e24388fa67179ad581fccd021659e45550f2147227b9c479387b9ee40f26
2491;654;;;;master;1;2016-11-06 14:43:11;5ea6fb6f4bc47f6c463e32ea3be36708b9882051d613598a4f6320de13f29792
2492;654;0;14;0;;1;2016-11-06 14:43:45;be579dce709971211e296e520555540caf61b7153babcfe7136f857cc6feace8
2494;658;;;;master;0;2016-11-06 14:48:01;2a06caec2d53f690f78dc8ec2fc501e81a9a699b49c583a49a9f696707723f1c
2495;656;;;;master;1;2016-11-06 14:49:35;77d9bffb810984cab9e7ecb902cd0e8090ebcea15c02841087b8bd57d7432af1
2496;660;;;;master;0;2016-11-06 15:48:11;9e320fa037be1873170c1e531a1291af592feb2cb6b99828edbebd65725da005
2497;662;;;;master;1;2016-11-06 17:14:14;6f4600e04f27ea5ea5ff2fb6d1050e07ecaa1b53651d67f4d2b94846b9a5fd48
2498;662;;;;channel_dev;1;2016-11-06 17:14:33;12bf9abc0490cd1c31d26da9f3ea92dbfcaa50d2bce71d611ad7fcfb35887730
2499;664;;;;master;1;2016-11-06 17:18:17;c261fcaef1f7e967e2657e23e690d5987d461edb174f930e429ee5bca9d48ae7
2500;668;;;;master;1;2016-11-07 22:34:14;67cfe2c5e4bb77e3ba4585e22dc865c9158441a8db26229b224cbed71d6db14c
2501;670;;;;master;1;2016-11-07 22:34:46;5c99d677e0421eeb9aa4a840940b401d70d9b5cedea7ca2b69a594ddbeeef6a7
2502;672;;;;master;1;2016-11-08 21:03:09;94eff00f2917b2b7c52b66ecd41860956d8896b17ebe6973f8c18a36ec1a475a
2504;673;;;;master;1;2016-11-11 07:54:06;c0fed683935a6fbf6e07ac171a62fcfa99aaf692c6bfc1f770d400fa1397557c
2505;673;1;2;1;;1;2016-11-11 07:56:03;84f957651d550dc7bcbe7814901a4c30e0283236dc6e35a755f7df6645167853
2506;383;3;3;0;;1;2016-11-11 19:55:36;0779839b7cad5077f54e05c14d18ad13e8125ddc43fa1ae85c30156d085c4757
2508;343;1;1;1;;0;2016-11-12 07:53:11;dd299dbcdb2edd2282f1b38ba9522fae5ba31f66ddbde0e4da30956327d67379
2509;675;;;;master;1;2016-11-12 23:01:47;8cfdee53a104a00d6c07bfe43b265256deb54e58dccefa169e3f66f47ef02e35
2510;677;;;;master;1;2016-11-12 23:02:44;6e5b3d3ddc0d254fd926d1e8dbff1757e76792d17486531b7751bc6f5fc1ba94
2511;637;1;5;1;;0;2016-11-14 20:14:17;a74af85c1bf8c198d167b215c87350a534cdf4310f29df8dfffaba8dbe174807
2512;636;1;5;1;;0;2016-11-14 20:14:17;4f6a5e198fa72a07ae072cfef4a92039063074ee5b3fa3adcf458f2839ca17fd
2513;679;3;1;3;;0;2016-11-15 08:57:41;978ba54bd102d3dd1c42b327355f3636f6b601fdaf97f8acba49ed4122170eb1
2514;679;3;1;4;;0;2016-11-15 08:57:54;cbe63760b360b155cfa3e541da84c69dfc25986140c81a48b6840367715b0c59
2515;679;;;;master;0;2016-11-15 08:58:27;3e31601df02ce9e9e5eca009b4198d65d4ff2c4a99f7a1455332f4c5a7f96544
2516;681;;;;master;0;2016-11-18 17:36:16;9cabe9fae1c0a806b4b182480e94f5ca3dcbdfab9faa344e9df205b3c4f6de35
2517;681;8;2;0;;0;2016-11-18 17:36:21;ab1422cbab593a930486d8db8ae67c13c233846b295f804b5084faa2f468a306
2518;683;;;;master;1;2016-11-20 13:32:12;e050147b2d0645706e4c30db7d99ce2fb11c53229fe165ca7cb10ac0b59e1814
2519;373;0;19;8;;0;2016-11-24 14:37:41;8e75a43d70e6b8f0a35c5e46d670c27d32c224a38f16ef4b496bfde3ee9e1aa0
2521;685;;;;master;0;2016-11-25 10:45:05;91fbb7f3a6d1fd79e702963fc823511564863ee64fcb6f8175b7448230b66eb7
2522;687;;;;master;1;2016-11-25 10:45:07;e2ed15d8b3e3e3c4d39e7189ff032a53a5a6fd7073de49db8ee3be677fe96f3d
2523;689;1;10;3;;0;2016-11-25 10:45:08;134850b3f23944acb9b45112c32983f2a17d6ac8c00fef5c2afb07a384ee50ee
2524;690;1;10;3;;0;2016-11-25 10:45:08;a8c1d6e8358008f62f2f95a6cb2efaff36e5b4b524b2fba1ccf52588e18d0ff6
2525;690;;;;master;0;2016-11-25 10:45:11;5bfd110e853b1514adc73d96415bb39f3a0d977fcfdb8fd5a5d51a5ba7a0688a
2526;689;;;;master;0;2016-11-25 10:45:12;ce84c47d1beae0afe4d7e93d62c482f7826825e6e94f81e90895c28f606522c6
2528;694;1;8;0;;0;2016-11-25 10:45:24;3326fde93ff5005aea7f58aae2c6da9d4ae9f58673bdce05044215112f9e6be8
2529;693;1;16;1;;0;2016-11-25 10:45:25;9b6b7064bd098aa0c9f7d6d90bf1ac720c520b3901f5cb9ecb8cf7b4ced73ff6
2536;692;1;12;0;;0;2016-11-25 11:46:44;dd5f7f6448d2fb6a91a1b9b509a34ba07e9f4f7077cc0be325a7abb26376013e
2537;692;;;;master;0;2016-11-25 11:53:41;1b8753d16b3e9297c5586b96837a2841a90946adea462e58b86400580efff3dc
2541;691;1;0;3;;0;2016-11-25 13:30:37;8ded3239269b09360d768c49e1340bf6d6dd6e330543ca459f8632463d9926b0
2544;697;7;51;0;;0;2016-11-25 16:41:56;b21f123ec53a760fcc5561fcebf60b3a049f531c3b038da720d60036a8c97190
2545;698;8;39;0;;0;2016-11-25 19:05:06;b75306757373df51c270a4097f932712d2a17c8b9334a7bab31f630585274ad4
2546;424;8;39;0;;0;2016-11-25 19:06:05;4582df3afc27587711d22538785a943902036f1e98256c50eb39092acde8e4d6
2547;425;8;39;0;;0;2016-11-25 19:06:43;f1ec704285b9c4b6495d90f35be136be459335529a9a343a212b788bbed50dd3
2548;420;1;7;5;;0;2016-11-25 19:07:26;626ac69f45a4ee6901b8d368d8b4526d32ad737e0a8ca2fb84bba8ab3fbf1b9d
2549;699;8;39;0;;0;2016-11-25 19:13:39;4af9155e030beb593a835af273a06dd7a38d641fc8babcc07b9d12de6e34bac2
2555;704;3;3;0;;0;2016-11-25 22:25:04;204ab809d5ec8eb56a2d9528261ede43c3fe035b57d553c382e72fdc9e5d6c90
2557;706;;;;master;1;2016-11-26 09:37:33;25247e7074b91051e2f7c1ef09edbe41a0c98e35554d566fc98197fcdc2e9d5c
2558;708;;;;master;1;2016-11-26 09:38:51;8e722a11546d0557efcdc255cbcfaf8c93364b2fac12f113667e21f129737e65
2564;160;1;3;1;;0;2016-11-26 10:47:20;76ae87d9205d4b2a07efc0e88d1ac5aea90d001a62cc15b10be7beb13602aaca
2565;160;;;;master;0;2016-11-26 10:47:31;c96eb25073282a6abf20f0bcc18167ff7c9150d685379f248f0800f9dc620669
2566;160;1;7;4;;0;2016-11-26 10:48:15;bed2266ee19b4b384ccbc092c88ad8ee2a2b6a82cfdb350742fc93537d19ed19
2567;710;16;2;0;;0;2016-11-26 11:05:48;b40cf70146e071f57a1fe6400bc0f9873ea73e0c32c76ecc8eea66267e7868dd
2576;715;2;0;9;;0;2016-11-26 15:20:34;38f3350c8335da223ca612c33252d8fcb3b15c687afc05068480e342288a5e18
2577;714;2;0;9;;0;2016-11-26 15:20:37;c94d663da42ab19d333f1e9e3fdb77e52073516ca2634a2fa8e99749d1551ed9
2580;703;3;3;0;;0;2016-11-26 15:54:47;16d2abf0c7ed1fbb9256324588fdf68b32d1eb4ad7ea488ca5e96efcf05f3544
2582;355;1;14;0;;0;2016-11-26 19:12:38;ce2a41f51ea57d0c0fbce57ac1f03ae4fdc4588e88b1698f9545f03e8466d446
2583;144;1;10;0;;0;2016-11-27 11:12:21;c74f16c33903e98342f5ea3da82560a4819f1a7939f585ed6df48dd8ee561652
2584;144;1;10;1;;0;2016-11-27 11:12:23;2c0b9392552fa68897105d3101d116961311743091c094b38454f7789bec94e9
2585;720;;;;master;1;2016-11-27 17:12:33;303c8229cfbc22cb05fa87cfb6f8181badce64141fb2213c1147dc527be5bdde
2586;89;3;15;1;;0;2016-11-27 18:23:45;f612f6c6127d8b49366e01b3986a2ce8b97481b624f46007683159efebdd8fea
2592;717;3;2;2;;0;2016-11-28 22:01:01;fcb333c74c659bffbf3302bb15e459109d818909d236a9cf5601e26b68923212
2603;431;1;7;6;;0;2016-11-30 13:26:13;dcd8fb85c4ebdd27d33097f4866e0a2a1996ac6bbeb3d8ab95b0b38bf03cd628
2604;429;1;7;6;;0;2016-11-30 13:26:13;cdbe240e20a21128de02d8d44fcf7b0a9f45b691933a1a527af5600622bef626
2605;420;1;7;6;;0;2016-11-30 13:26:13;19a7b1184cba5167c2db654c3ceb714153f64de34f3227033952443551151aad
2606;433;1;7;6;;0;2016-11-30 13:26:13;07800ed7a80f95da24faa19de000eafa4d1ef20877959b8d1bdb4e7c94d0caca
2607;430;1;7;6;;0;2016-11-30 13:26:20;071f70e9248fad96052a7cb2e0ca7a19f6ad9b8203e3b55e5a584b72bbbff049
2608;428;1;7;6;;0;2016-11-30 13:26:21;5e9794a925b8a9281d6abc89a47b198c6459efb06a93deebab2c152a5a937c41
2609;432;1;7;6;;0;2016-11-30 13:26:24;ee11264607afb232114aba31bf78d0922852920409f5d5fa9212a4bb6b540497
2610;434;1;7;6;;0;2016-11-30 13:26:26;d8164b757951f13fdbf787913b42936536ec85760ea3ad38da9b5fee9d472b36
2611;427;1;7;6;;0;2016-11-30 13:26:28;9a1e4630a10c2670780f85850309ca947729c4ed86e78de11904f2f6bde5ef49
2612;426;1;7;6;;0;2016-11-30 13:26:29;11fb71e04584d9f973a3e2e0b2676a942048aa772f7c47cd51231028d480ef22
2613;722;;;;master;1;2016-11-30 15:30:42;78e3dbee5e97d7248950d3d32860f75b049a33817e21650bcb4393310b45884e
2614;722;1;2;1;;1;2016-11-30 15:30:55;d0f8362771804a87e83cb82ddda75a62ddfab39fdd4d36841f5c3c59bf0eae97
2615;726;;;;master;0;2016-11-30 18:35:14;a57b87c6a7bbfa563b35192232b2c88ac4a9b12bd83333ebe6d2bf87bc479d2d
2616;728;1;0;2;;0;2016-11-30 18:35:15;80b94a84e296765e807a18ea1d940a5513d7830fed658f8f959ad2c25086cbbc
2617;730;;;;master;1;2016-11-30 18:35:18;5cf3783a621b15d3ffb4880f4cd764443314e0b314610b19d2ccb48410d467d6
2618;724;;;;master;0;2016-11-30 18:35:18;282c2914dd477b3b5e1d565cbae44c0dfa4bb477907f615f54e44f4c7cc2b84f
2619;732;;;;master;1;2016-11-30 18:35:19;808d48846aed913f111f05fb46a3b806558af3a36f11f362f117aff6fae767b7
2620;737;;;;trunk;0;2016-11-30 18:35:23;856305fbbabbda6be65c8392c0fe514f029bdebfbbe9634f7f4c9a28a5015bc5
2621;734;;;;master;0;2016-11-30 18:35:23;ca6b28205d3a767730c93942d34f7d22ca902014620090e23c920ca24e7af175
2622;736;;;;master;0;2016-11-30 18:35:23;e21d66c005e9148ecefab18185f3a7b567e142d8f6c9447b76d2e214e9c30a5e
2624;740;;;;master;0;2016-11-30 18:35:26;1d85f3a14863fccbed3f8d3d69ef415d3be8cea327d5a24a811ed5f3843da582
2625;742;2;0;1;;0;2016-11-30 18:35:27;6a4c6829cf9853df98e9cd7ad3a29d9768c290b9c5692376547a1717321c9465
2626;744;;;;master;0;2016-11-30 18:35:29;5f0f466914f9b717efeac08476a2da96a35bce8838736d1a32d5b0b46bfb3bff
2627;746;;;;master;0;2016-11-30 18:35:30;291c9fa3a49c4e52d3640937ffd338b56d5c579952519ac5bf414c1f826f8877
2628;748;;;;master;1;2016-11-30 18:35:31;21b4c2a4b2e468803114b61fdf407ef5ee196afeb74b7d0c1daf9c411d2ada5d
2629;749;;;;master;1;2016-11-30 18:35:33;c0cc0fbd037dc32c270301e622723aaaee5c5cb2d79b57af598ec04f35503c7d
2630;750;;;;master;0;2016-11-30 18:35:34;319b910db56fc5484ea1d7c14c2ed3715459089d90e2698d04243a78a88dc819
2631;752;1;2;0;;1;2016-11-30 18:35:39;b7d3e7644a79035d1b462ab9d6d142530e837da5087a3edfc30b00dfd6a9c263
2632;756;;;;master;0;2016-11-30 18:35:38;3ba313e2b7220fdd694984d06f829dd92caf2ced50bff88d8ab3a53aed8b0b04
2633;754;;;;master;1;2016-11-30 18:35:39;eb6c1e2ece21d85b8cc57a23abd7bc48bc58e652d510ec53e5ebc75cca026737
2634;758;1;0;2;;0;2016-11-30 18:35:40;84d2a61ef2877580acbe13902f540615dee1bd203de4258941f4a28cb0e07973
2635;760;;;;master;1;2016-11-30 18:35:43;de3ca90c31c03e61586a670e5b8e98d2f3e0bc7916086af6820dd87088d31ce0
2638;764;;;;stable;1;2016-11-30 21:33:54;7d28b17a0eeb9b8a82f61317cef7f1d505e1fc78b3282d939f93d3202f9d87ff
2645;597;2;0;0;;0;2016-11-30 23:12:11;982a9786ce933b336e625b3e6bac4d23f94674f1a53d1a60917614a6181df711
2647;152;3;0;1;;0;2016-11-30 23:39:21;a736733ce29e2da746156f69f34f2e51012201a06dc9cc74ec5c4e00e5b74485
2649;762;1;10;8;;1;2016-11-30 23:59:56;c19237a6a0faca3a0124fb924597d80846b39a97e0a747fec3324c8e0fb9972b
2651;766;;;;master;0;2016-12-01 00:06:11;749751bdbef6fe254ef6e4d7268ba912aa687ee78bef1f308fe95f4ae20c39e8
2654;94;1;6;26;;0;2016-12-01 19:57:42;8f66c6127a015ed0ce5da01bb2291d7c553b89fe0cad0ca9c0a9e509c1d25e22
2657;771;;;;master;0;2016-12-02 20:23:53;0df241b0a1f1f7426eb3c934866de6bb7a74b7c6fd29b1f250c71042df6aaece
2658;770;;;;master;0;2016-12-02 20:23:53;3c07c6aad940306543e61463ba7e5158a6df046db1da1a28536edd51a6a0c031
2659;738;2014;4;27;;0;2016-12-03 20:02:40;c228d98722a5ec90b37b0be1d9b1d9d7a7b7713ea635479f7db586f267b64da4
2660;738;2013;12;29;;0;2016-12-03 22:08:24;39a36276d317a5eafa16bdceac0474a20c9a7f1b6d6955db90b43494ba863d0d
2667;340;2;0;5;;0;2016-12-04 20:27:13;a6a4b45fd6107bed1f67bea47bfab833b26d6455748f6d0e45201e8895f32936
2670;773;0;34;0;;0;2016-12-05 10:31:14;5ecfbffb9c86d3bc189c7ca8657314a3b5c52c8efc32f2ad5179c2bd0708b680
2671;298;2;0;0;;0;2016-12-05 11:22:37;6005915f14e10b324d977be5e31bcea5ff5fcab05a64ba22aeba5fc7f0e529e6
2672;297;;;;master;1;2016-12-05 11:22:49;d453544940b8e10a35debb0c87fb2b81019da977919fc1ecc65184f686aef830
2674;149;;;;develop;1;2016-12-05 16:07:40;a1f7b476225ae3f44c6e9d4c005c6b7c8f2b56ffbddebce09be46e4b7647d7d2
2676;779;3;2;1;;0;2016-12-05 21:41:08;b9e722d41951cb0bd46b9297862a7c35665b7a3545c5c658124331cc14a556ed
2682;787;;;;master;0;2016-12-05 22:27:21;5bd6f14fb679f4d3d1f095df88df29628fe548d6d0c0550f6941930c0ad3d0a0
2684;788;;;;master;0;2016-12-05 22:34:38;157dadd67d17722c28f30bf0698fb59393c540d5806ccba9f325cc6b91a369f5
2706;775;1;15;2;;0;2016-12-06 09:07:03;d8b7cac9883c2ef2ce37d73ce834e9f3a552f6d22bba29aa57c8b426b30e4e1c
2708;795;1;0;36;;1;2016-12-06 13:49:17;40d535a5864afc609f3ac1a271c93d82a193bfb032a803e7bdf04ef70d8e6c53
2717;798;;;;master;0;2016-12-06 14:39:02;79466e9487b83f81123c473b6cc83044dbe93d4cfb90e084afa4d0dc665ef932
2719;799;;;;master;0;2016-12-06 14:41:47;a3d74dd0a4b4e70115437c7534e439feba584cba3476fc2d73e82c61f35b2243
2720;796;3;2;1;;0;2016-12-06 14:42:40;8be92362c3d74e8d95fa64e35fd2c66aa8b735287032c04605ab1a13d6615c22
2721;801;;;;master;1;2016-12-06 14:45:27;782bda8f6d70bc4743dd640936ab013a21dc026978aa568f0b04f718a4dfd7fd
2722;804;;;;master;1;2016-12-06 17:35:29;d1eb83277d0c37f606e345139a1a6f4ebce39ab89c9defd68d4ef82a537d96cd
2723;804;1;0;0;;1;2016-12-06 17:38:48;138027dda3ece813757cb259485a4fbcbdc0d5db2282e9b715ea6b3df895302b
2724;806;;;;master;1;2016-12-06 17:39:13;ef1d7b65a7e2ecae832e332c595fd167630b5786f9808ad356189bbf1ad73f64
2725;808;;;;master;1;2016-12-06 17:49:42;9de1c3e3347490adea46cf556ab9971c55d8aa1e0309dd276ee8b48743289d31
2726;810;;;;master;0;2016-12-06 17:59:20;03625cf4fd3dc338edb7f0feb14b3540479efc687ed8836e67b3ebcb7b0c09ba
2727;331;2;4;1;;0;2016-12-06 18:15:46;19b49d3857545c6666e75925aec52a34c6c614b640eb6b2a9537d631f74d34cc
2728;328;2;4;1;;0;2016-12-06 18:15:46;fa0f2bda7ca657ca85396fe1097e17f6da561ce23b4a0b99efe0b88e10b0b35a
2729;330;2;4;1;;0;2016-12-06 18:15:46;fc7dd9d1785e438eb0484274101e43e371f2e79d0710a36701eaa74671e9ba47
2730;332;2;4;1;;0;2016-12-06 18:15:46;6afc51ca262cf8dd3ed8d8f69a90eb631a8129a3bb8fc1248339d79fc1fcda88
2731;329;2;4;1;;0;2016-12-06 18:15:58;045ea7cc6c5dfe1656088f291996daed5d331cc749e973ecf2df051b1e1e1179
2732;812;1;1;1;;0;2016-12-07 16:51:13;3b6ba0fa747a0f1520af98cdbec25d472aa4c0c0ea1a3c518e15a96696b4c64d
2733;387;3;0;0;;1;2016-12-07 19:38:14;0cc3b75823de600f135be5572a9c8bf3c50b5a9129f51a56dc0324065a83a86c
2734;814;;;;master;1;2016-12-07 19:41:10;963cd9d226d99181320d6313afdc6c26a388c9cc002d32206b0de46bda1d502f
2735;176;2;0;8;;1;2016-12-07 19:41:39;3c415b945487e9483a71fc3ceed406d6936955e5da0b2db47547b32eba746bda
2736;816;2;7;1;;0;2016-12-07 22:03:16;bc9a5b7102d68bc7d105ecb22f42802591f335a0e32b38495a147ce1bdf859a2
2737;818;;;;master;1;2016-12-09 19:06:18;23185184a4ef5753b146bc83a6fd85a183c2eacf31db1cd8a0e6ecd31f1a0def
2738;820;;;;master;1;2016-12-11 14:48:18;8629651115794ed4bd5a596fdd71c100fbabd172bc190042fccdd730a1df6acb
2739;820;2;0;0;;1;2016-12-11 14:48:27;ac1501edf800004afd81ea8a83318333631e0f3684450b758cbb2d1aaf67a5eb
2743;833;;;;master;1;2016-12-14 18:11:00;171ca476c7f68c9d4c6c9f2681a8ec5c2ea7e748f8a3d1e43fb799ccc4cf6868
2744;96;9;2;0;;0;2016-12-16 17:16:40;19585ff36f5cc9ac2c388f9e22af09182a4d0ffb863c3efb13ad3ea52f2079bd
2747;97;4;0;6;;0;2016-12-16 19:18:13;ad9847fd54cbbf0486a2e9f0601ba4eb5c699cb72b6bd1539e197fb4e9f098ec
2773;827;58;2;0;;0;2016-12-16 21:15:08;923fd47636322b91f5fed4b3b69399e91c486d1e15be96818109e5710ed00e70
2774;836;58;2;0;;0;2016-12-16 21:15:08;0281af0a657c39a7627cd69f41b996c15d4a2e552a50f970a2cfa3575871f280
2775;839;58;2;0;;0;2016-12-16 21:15:08;8bc86fe124219483b9fb5a6c7520395dcb0dd05440749af7270f178efb8bc4c4
2776;834;58;2;0;;0;2016-12-16 21:15:20;c4a5238cdc8ac203c69914cc157465b9137090520b7e1b4c94269e394a9e639c
2777;835;58;2;0;;0;2016-12-16 21:15:20;603cc6842d9b506b255112c71cebf06084f0f07dba734703c5e7d8a08379d4a4
2778;828;58;2;0;;0;2016-12-16 21:15:27;33a542afdfd96c5531978df7eab009752eccc8a33cec6cdac2acade4f97a6192
2780;838;58;2;0;;0;2016-12-16 21:16:38;6156b44852e000c4196e6fe1ecf5ad7a339114fd0379587fe1045d9230adc05b
2785;829;58;2;0;;0;2016-12-16 21:15:26;38e0ad5dd1fcfb5a14e1ccb6cc1f54973d17f407fcb24c0a5c9a11c320ccdf93
2793;841;1;5;9;;1;2016-12-17 10:03:58;8de26aacd12562864bb3911037617e1de5e86e1897e98eab3c579786dec82d56
2795;826;58;2;0;;0;2016-12-17 10:33:11;f970ce1e47f0b992bdcec694ecc61a55229b1c234ab4748adff994b18fbc61d2
2796;282;2;1;2;;0;2016-12-17 10:44:12;5417f3dbecf55d754a0c733244254b330a4a2f326deab82302eb3d0e30e9914e
2799;837;58;2;0;;0;2016-12-18 19:22:47;c7a2fad9526838a16ba24f9e8c9da2e106f34aff798275b453a6e5f78958c3d8
2800;843;;;;master;0;2016-12-19 16:22:39;3c228c191752f709e69fb9ea3dd29cd4468852a8dfb77c4e47edf2cd9cc08493
2802;845;2;9;1;;0;2016-12-19 19:39:31;ee83e535c5e4aaa4ce6139a535fc82b3a1b76164239ef70e062c50f378be5db9
2803;845;;;;master;0;2016-12-19 19:54:02;7116a9e76a08499c3b138611305396e6159ab8651860c0be0fb528a64b05107f
2810;848;2;1;0;;0;2016-12-21 18:12:09;d5c8ad21890ba3f28a068be6abdfef0239c6a30b2705652f9b381e214b916ca5
2811;849;2;1;0;;0;2016-12-21 18:12:09;885238f54df31e2ea53cb9a8b52e116d05bbac47e5fd4726868479907808df15
2812;850;2;1;0;;0;2016-12-21 18:12:09;55ec83a7b113326c0cd7015ba0b5e3e244811ce46cd8c7955a998dafc905931f
2813;97;4;0;7;;0;2016-12-21 19:43:17;cdea3980c3136cf39b3390ea244f9fbcabd78d7a8070c1c72d6653dfc665fc33
2814;852;1;73;0;;0;2016-12-22 11:52:52;199565c2182d67ab58e9b379abf0c3334b715838355bba2dd7928a5478945c10
2815;852;;;;master;0;2016-12-22 11:54:43;8b353b3eec8bad962213ac10f48892a81f3eda616f32f16f960adcbfb26e715a
2816;619;;;;master;0;2016-12-22 12:12:09;3a0f12de27f37a7903d9a7e228cf147984ff05f77d51de433d0c8ef24fa1ff6c
2818;782;2;50;2;;0;2016-12-22 14:23:23;ec5a08f0cd93ffd642aeabf7dbf3dafeff3c6c63807901d17c5e808d33147952
2819;783;2;50;2;;0;2016-12-22 14:23:23;b7db8007f9e19ca4d8fc339f1c3644d90c5a76d24654f97b38ee7cf89ac099ee
2820;784;2;50;2;;0;2016-12-22 14:23:23;09312192bc9388809be69ab6513f107dc92169456c4faec5b704b62b310b27b1
2822;857;;;;master;1;2016-12-22 19:05:56;bca2534f0d4a70abbd1f494d1cdb20ecce6b4c164b31b0250e60e1bfe168edea
2823;856;;;;master;0;2016-12-22 19:06:37;74ec71d7e0a4b51594f78ad2a3428f49a31a4883e5a7f3c376328238c53d3fc5
2824;856;1;2;0;;0;2016-12-22 19:06:59;0dc51837224a8ba48847c6b72b4e01a880f36b2ca1e4d7f74bbb635b61f57002
2831;860;;;;master;1;2016-12-23 17:32:55;71c69fa67705283e6ab819f17596400806877d8187fbe9460aceac4040377f70
2833;572;3;6;0;;0;2016-12-23 17:57:48;4b7f9ae8ea15ef64afd6787d34fb737e6fa7ed366022e12a46a863ae5aedca42
2834;573;3;6;0;;0;2016-12-23 18:00:05;f294e43a55b3ce6516dcf8f97aba5680d3bc915490317fed868710574049ae58
2835;575;3;6;0;;0;2016-12-23 18:45:24;f1f75e7d601879f961a45adc71bf4a8781f73eb692bdc61900db12cec6af9286
2838;862;;;;master;1;2016-12-23 20:56:18;784ab6ee007feb996ccd11b559824e9ed83bd57d208e7144b0531fac20755b57
2839;864;;;;master;1;2016-12-23 20:57:55;681a4adce760121284524957a02e34afd8903e16f14cf4e0ef8548f29ea430ad
2840;866;;;;master;0;2016-12-23 22:44:34;a6938d4a56cfc4e65ce75f50e4ec0bb972c2dbb67b6acdeb0585c7bc55dae910
2841;866;0;5;3;;0;2016-12-23 22:45:07;88632023f64de4510c1443026d060e78f2909f0ea95080ebe614cc1ee3c0b16b
2842;89;3;15;2;;0;2016-12-24 23:44:42;768fd31fe557431fdeeec10ccc953ef351d0dd9c8df144d6dfa23b0aae777912
2843;781;;;;master;0;2016-12-25 12:29:31;669654b7db4059a2342a9b88053650d6a1e15c6ec903124ca64fff5fcf3f54ed
2845;868;1;3;4;;0;2016-12-25 12:44:08;fb2df624a5a765b25a22918272b1468cc780289075a1a851d05cff62b6fefbac
2846;870;;;;master;1;2016-12-25 13:27:32;af0fc85158c312dc238fbadd12d9ffef041ef554d39c6011dfe0670525e3f36d
2850;238;1;62;0;;1;2016-12-29 11:55:20;98e79b42d2b50a7269e185628a93d4839a439903f05ec98b806eefe544d2ee8f
2855;858;;;;master;0;2016-12-29 20:44:42;91f951592e8489f321b2ca5394293b447bbf8f2881a8171aab8a9ff75483d600
2858;346;0;6;0;;0;2016-12-30 20:40:32;0cad9b8a0f7ed185f2b7488f39276c3b3c5f02c4578c01bbdcd88e03e3dc1061
2859;94;1;6;27;;0;2016-12-30 20:42:50;ec829d409e8a735f32bc8cb4d806e9cbca085787f56eed8f1e9b7170d15c691b
2860;712;5;2;2;;0;2016-12-30 20:43:38;ad3f40dcd1def3abd759cd6ad62a89aa4be03e1800957efaacbd1e6b5d6076d1
2861;171;0;3;7;;0;2016-12-30 20:45:14;0d249d2fc293ca0dd7b749719676b742334b6cd904f643db20a20b6cb73e42b3
2862;871;1;2;1;;0;2016-12-30 20:45:58;4de46b12abc7a23f2b931a541eec31eab522d7e40f3e613c42eee6c189bff34e
2863;7;1;63;0;;1;2016-12-30 20:46:49;b84d5549d87dc08686cb8c9b98465d820d50e5fd040948e23123692727983cba
2864;6;1;63;0;;1;2016-12-30 20:46:49;645314545fb19d74eef6a153d10c358847973845beec43552e8adb19638da8d2
2865;221;1;63;0;;1;2016-12-30 20:46:49;0d226e1b4a0203b42ef3d710ef3410f3e9a95a5312f530283f98f2a12b7c64c1
2866;5;1;63;0;;1;2016-12-30 20:46:52;67526bf54a3b9afd383f996f0ef030209b291f88a4d32c81be1249f3218d8053
2867;11;1;63;0;;1;2016-12-30 20:46:53;4ee482b0d2deb370fedd4bb97428c919f4fd48294acc77c900e088d2530be58f
2868;10;1;63;0;;1;2016-12-30 20:46:53;6e5f22dbf3ca9810b0b3c31a8f1aedffc750c6961d84074dd6675af3d8c6b97b
2869;8;1;63;0;;1;2016-12-30 20:46:54;8fdaad0360e494a1a3ef4e48dcac98484dd4c0d656ce4a5704110afcefc5e100
2870;13;1;63;0;;1;2016-12-30 20:46:58;ecb952d7d6e76c52db2d86a94ba5983ff7bed51bad7f4112ff194d457c3c9a66
2871;14;1;63;0;;0;2016-12-30 20:46:58;bdf91848c00943a2a7b7f95169a9fe68c31117641835d7d6ec7942ecf7273ab3
2872;12;1;63;0;;0;2016-12-30 20:46:58;85758fd7e24e3de54cfe4b920905f1534123abf2515896fc16e91c5b222344d9
2873;9;1;63;0;;1;2016-12-30 20:47:00;8ecdfeef64e7964dc0b47fefa1ac274c6376c5f426dcc6b67808bca3ef811ccd
2874;222;1;63;0;;1;2016-12-30 20:47:03;e6d142525b12a6d9f5afbb023d4da122653e8542269f1af87d1cfb73b212c6f2
2875;223;1;63;0;;1;2016-12-30 20:47:03;6e97d8275e93485c05496a66a4abdfd3647447421c2186b0569da7b9301dd965
2876;190;1;63;0;;1;2016-12-30 20:47:04;00664943192dd8d2d8f83aa3c55b0c6cbc0437fb93f14847ad94e74acea99159
2877;225;1;63;0;;1;2016-12-30 20:47:07;542c5034581f2d67b36b9cf96a97fc7658fde1e46216b8a045fc2af0cd8904bf
2878;224;1;63;0;;1;2016-12-30 20:47:09;66b0b315d1d145ff5d5774cf46d73368beef4569db2fd9f77727f8cd8d5334cc
2879;15;1;63;0;;1;2016-12-30 20:47:09;bf253e771db1dcbcde75fd44c07c52f5aebf60415ce0f5462c6a11d846e2fbaf
2880;17;1;63;0;;0;2016-12-30 20:47:11;7ab48047b9be51a74300272f5c8cd8c66452b9282141c0daa8cf5238256967da
2881;84;1;63;0;;1;2016-12-30 20:47:12;c10216836e43731d0c55d512578b3d49e8659709fedc85becae999a57d2924e4
2882;229;1;63;0;;1;2016-12-30 20:47:14;a77d42f85dfd6abc15fa0692427c58961b2bdcc132fe327457c33786d21363aa
2883;226;1;63;0;;1;2016-12-30 20:47:15;9c2b0a408fd250161f7c0ffe1ddde4d1d7354a664c798df443bd6d0e37cfb17e
2884;19;1;63;0;;0;2016-12-30 20:47:16;323da256507ad4c3d00c5522b424291ee51a3a4bb1fd5ccc84d4f02d0939bf55
2885;230;1;63;0;;1;2016-12-30 20:47:17;1c2fbc4b47025cde947fb22365d23273bbae1c70a1765c5b9ae850a35cf84861
2886;227;1;63;0;;1;2016-12-30 20:47:19;c737b1061602325b7410a97cbf5bcc048d2c89370df9bfebdea41828a80e0749
2887;16;1;63;0;;0;2016-12-30 20:47:20;d10f4fda10588ed1365f8883236d16a85849cba25f05cab5c3f8d4c15e90262b
2888;21;1;63;0;;1;2016-12-30 20:47:20;3bb87d406c7b7de1cd33576f42b618b02254ea8d3335f01d5d36f52a624e3b91
2889;23;1;63;0;;0;2016-12-30 20:47:21;e16f28dfec993bdd06bc7be3c6136d855734e2157673fefc5fe9d5b354c3f8cf
2890;83;1;63;0;;1;2016-12-30 20:47:24;231c2eefa5aafc975807097f1a5c06454531f9d86b377043bf190d3c2965f290
2891;18;1;63;0;;1;2016-12-30 20:47:25;341e4f45b7baea713b3d05ecd54cd520d4a52f860f5f040307c2a9c952ebd01d
2892;232;1;63;0;;1;2016-12-30 20:47:26;7abc2d651e772d5b7ba596c45b9b554e296b640e769d2301d6dae3abe1463ad3
2893;25;1;63;0;;1;2016-12-30 20:47:26;18ff1d10490ad9c26c69258cb9daf4450196e1905626fc253ad86023edc52d7d
2894;527;1;63;0;;0;2016-12-30 20:47:29;ee908de0872ce9dcf3e503000595b80522933b29cdb2707fba68cdebe7d37b8c
2895;20;1;63;0;;0;2016-12-30 20:47:30;5a8737624f679829e58d0eebb85609c507fa15b920fc436569eb064feb5295ee
2896;29;1;63;0;;1;2016-12-30 20:47:30;5bc7ed27654bffe8c983d11be10ce8e9f7ceb01ce0351cb14190b1a72fb3fae6
2897;233;1;63;0;;1;2016-12-30 20:47:31;60da7a7ed4ccb0bd471d6e97514fe1ae1cb1f5b8229d993027c99d2b066be82a
2898;26;1;63;0;;1;2016-12-30 20:47:34;119a7c860691eb51ef4e97dffae31f9ee32584b233c1d29c041a14fa98d4ba91
2899;22;1;63;0;;1;2016-12-30 20:47:36;1c143995e629087789199f43d15298bbb43c65e97cca2dc7a016dc8da4944395
2900;28;1;63;0;;1;2016-12-30 20:47:36;f06e03fc5a1b27fbf3310db33124dcfa4f98e1ba9f84b5317ec6587b1bee9b5c
2901;24;1;63;0;;0;2016-12-30 20:47:41;ab63892ed96042fed405ebcfbd54b655b8850a1504f8cec9d0e05aba6b61414a
2902;31;1;63;0;;0;2016-12-30 20:47:41;abfc3c6775df1dc7592fd97c50e7f04b5c0b1c97867291d622179bd23ecb9925
2903;30;1;63;0;;1;2016-12-30 20:47:42;f891198f9a5443dbc808557664dead940f823c252ccd1cf8adfe11948fd0b5a1
2904;237;1;63;0;;1;2016-12-30 20:47:45;d27a14ce60fecf49940abd3d369ccbd200272f264d9d55618740a3afc1755ff7
2905;27;1;63;0;;1;2016-12-30 20:47:46;ec0f01da8f3ea744995e10c331bdba91268d264e13a1b06ba3af3749c0a02e4b
2906;236;1;63;0;;1;2016-12-30 20:47:50;efea0f14970fbf2a380aaa390b09a8d1358989689a2ce315fcf943c2dbdc987c
2907;244;1;63;0;;1;2016-12-30 20:47:54;59ce5f28126b41b4326010084ea33c9b7ed5aa467c8bc9804efd1f417fd8ac1c
2908;140;1;63;0;;1;2016-12-30 20:47:55;9d859191b0a6c477527170f9a744b9fa86615d1b65b831d53547d75c2729c677
2909;235;1;63;0;;0;2016-12-30 20:47:55;052f40ce4f6c64d599ac04ad8e892178176be9a0abffdfb94c7c9532cdbd634c
2910;33;1;63;0;;1;2016-12-30 20:47:59;d03252fed15eed42f81d2faf026b670ed376e9714fc07595358e7ef493e10f0b
2911;32;1;63;0;;1;2016-12-30 20:48:00;480614e282e55515bca907c68db2483671b12bfb022a506af331f38ace4d15f3
2912;231;1;63;0;;1;2016-12-30 20:48:01;863ca2dce26bd46d519091c04bed74830a27c8ff93618a302a0cdc3c8a73b9e6
2913;36;1;63;0;;1;2016-12-30 20:48:03;89ce4602cc39513af6207da8c5f48fe00fab47bcabe7b5dfed79b682f350eef1
2914;250;1;63;0;;1;2016-12-30 20:48:06;9c532b2ad472937849522d3ad479c47aa2cac520f130dded01ee4e2ff6443ffc
2915;34;1;63;0;;1;2016-12-30 20:48:07;ca546f00a4e7e5d1ced6aca02a1b8d5f1c52626f86c73e1f436425c7c02bbbdc
2916;38;1;63;0;;0;2016-12-30 20:48:10;41d719302b9d67bfa46b2149e509de917960afceef7d0f64715a1eab6dccb06c
2917;249;1;63;0;;1;2016-12-30 20:48:11;01eb46913bc0d29027f598a96722f22b408669c857220bf17879d6b6d362c57b
2918;82;1;63;0;;1;2016-12-30 20:48:11;6f5d378b69293b78cb61fe9fd35851b2245be7ec898847a30abb17f1de011a49
2919;37;1;63;0;;1;2016-12-30 20:48:11;2a8f667d71014a7b63392cefd850c1c29dca4429af8856a10c633833e65afca1
2921;234;1;63;0;;1;2016-12-30 20:48:19;9c8be35c55fd6fc8f9a25bf021b1317c13fe552fa7768ea19ef97b4bc43cc198
2922;191;1;63;0;;1;2016-12-30 20:48:22;47ef1476587f4992f3f5720d4c4cc5038469072d4d6105c1bcd237786e6f1833
2924;41;1;63;0;;1;2016-12-30 20:48:25;ff8620293dbeebcc1f4c9afdc85fc22a743a13af098fb1bf7f651638f1da940e
2925;35;1;63;0;;0;2016-12-30 20:48:26;7a1c7b49186414fe215df5601f55e323d6d095dc1d91a0db56991a79d2bf555f
2926;241;1;63;0;;1;2016-12-30 20:48:29;7d7f4249afc5e68431bbc81edfcae7dadcc28cf3ed887d6eb8402117bc171d69
2927;261;1;63;0;;1;2016-12-30 20:48:31;dba1029c2209c77b34a2df5d527b1b26ad4c3a512c3e8fb13f1eea3f8d24a090
2928;240;1;63;0;;1;2016-12-30 20:48:32;f0bd20226b8f3518b7abf14fdedee60f41c96f7f3e5a4a84dac97487b718f1f6
2929;242;1;63;0;;1;2016-12-30 20:48:35;4d2f7da3b2b65e3712c2007c480d954af4e03dc01dd2255231a03dc1d15278fa
2930;3;1;63;0;;1;2016-12-30 20:48:36;ff531555357c4fffa9d487d7ed361e171358e1af1c1eccaf052d37e7dd7dc204
2931;239;1;63;0;;1;2016-12-30 20:48:37;e7240874a8a6d54329cb4197acd00cf857b6a26d17bf1c571a60381b9db7c789
2932;42;1;63;0;;0;2016-12-30 20:48:41;b11601854deecbc1fc82a146c346cb075766b00e86ad0197ebfc85e2ed311ac5
2933;47;1;63;0;;1;2016-12-30 20:48:43;636e88d3e7509b64e24ec6666b801dc1efc49a024352e4e7a8d445f39ccd74ef
2934;44;1;63;0;;1;2016-12-30 20:48:48;9148a98d795d457aa6f9cdfd35729868afbe139882e70b8efa03c3f8d0977f0a
2935;243;1;63;0;;1;2016-12-30 20:48:50;c9660e4f44fde12227165090d3e9b49ca7cd241c454762cc5ba1870d8ee6ee4d
2936;50;1;63;0;;1;2016-12-30 20:48:52;d215d6cafcb02d54904153e32e70d0a132bc0b54053b63f20783dca05dee4947
2937;45;1;63;0;;1;2016-12-30 20:48:53;c548be1250363d14c798da4438fd88baaa5302d175321b130861887e9970d38a
2938;51;1;63;0;;0;2016-12-30 20:48:55;e3a87f9c38f11512b2791dbf16b14cc11a41ce48e63f2e3ebb1b69f0b9f84235
2939;54;1;63;0;;1;2016-12-30 20:48:59;000eaec505275804051ca86feaaded0f91001c1b022943a6e7a1b536158cbfe3
2940;48;1;63;0;;1;2016-12-30 20:48:59;0b3c6e4e6df5c44d2429ed77f6e71d4ffca6558e1ef4a614fc5bf59fe883ffe7
2941;40;1;63;0;;0;2016-12-30 20:49:00;b4865ad64c8e0cbf80d0a10cf7d6cf73adff97f91182366a4e2701b62e7c8927
2942;247;1;63;0;;1;2016-12-30 20:49:00;ad4e9bb9fcf43a32137280464b5a9a56b201d5efe228eda58725efba0bfd4331
2943;52;1;63;0;;1;2016-12-30 20:49:06;4d383124740d6d6555b9f2e635ea2d1c5acf3c12969fea8a28376813f0e49079
2944;56;1;63;0;;0;2016-12-30 20:49:07;fe1967628cbc2c9ea68ae54503d36d636f1e894a156783efaaa4cfbad9992e00
2945;57;1;63;0;;1;2016-12-30 20:49:08;687c45944b07332f1127611cc5d17dade915d86ea3dff7e34da3178fa7f4e568
2946;55;1;63;0;;0;2016-12-30 20:49:12;a4a260bc33eb64b167dce41597a2ce080654dfe3f26854c92dd4e60c66c3dc99
2947;43;1;63;0;;1;2016-12-30 20:49:13;89f596ad01259632275e5a8f0416fd4639e2a2a6452f1dc15c519c2afe2c6c3a
2948;59;1;63;0;;0;2016-12-30 20:49:13;cb88c0ba81fceffef2a12449909f56b000870606aff433905dc7235c758b6d06
2949;165;1;63;0;;1;2016-12-30 20:49:14;4a4883664420b07bf8fb6521a93a26fa0507a1ac59cc85ac7db26d6c4178be9e
2950;62;1;63;0;;1;2016-12-30 20:49:19;5ca4bf4df03998371ff76ca44cee5d87441215acb9c798b046247067b91e8536
2951;258;1;63;0;;1;2016-12-30 20:49:19;881da065012adea439e2d20918b9bd242d291653fdb666f391b511d6d1b15172
2952;58;1;63;0;;1;2016-12-30 20:49:20;054623440001639d40e2df5d053805e9aa82b70327249c58193f331ee8f24eff
2953;64;1;63;0;;1;2016-12-30 20:49:24;bb26ebe00d15cc604cf8cbaa79c6e55090af36baa1262787143cb3499f458496
2954;60;1;63;0;;0;2016-12-30 20:49:26;2315ca91c977ffb3d467190688fce59ff010b4c685741a563aea6ea437ec6f20
2955;257;1;63;0;;1;2016-12-30 20:49:26;93e7bb14f9a206e70aa1944c47268784e1121134cd228f9f9d39e7824260f43c
2956;255;1;63;0;;1;2016-12-30 20:49:28;66e8c999e326af9c109ab6e008c237fa23850ce7c73c69fc679cd51390992f42
2957;68;1;63;0;;1;2016-12-30 20:49:29;2ebdf9071f9f26ec4e184b55b40066e43fbd2c7b6982084bfaccf391888eb328
2958;67;1;63;0;;0;2016-12-30 20:49:32;3cf8bab6d00f903adcb327d081455f445d2e257ffa2b9a1efdec1217400ad523
2959;46;1;63;0;;1;2016-12-30 20:49:33;c12c1f9f07934ae803a00346b2945a4a84b400358077959989069314b569fa9c
2960;256;1;63;0;;1;2016-12-30 20:49:34;bf4fab8fb822e384855e8ab5ba80bc886225cc7f7f431d826b04f05c26a8501f
2961;252;1;63;0;;1;2016-12-30 20:49:34;5bd5a99874edcc3fe7bd5c0a0c846696c2b98d3afe6a794798dc3b0f44406ba7
2962;49;1;63;0;;1;2016-12-30 20:49:38;135128fedfcf1d745776c5c6382d3d4d51c767db3e47c75fb267f93e895cc57b
2963;65;1;63;0;;0;2016-12-30 20:49:38;a8d8a55a438236d9a8c8aa53823cf2551225e9cf1c70467b227697b5e8b973d7
2964;259;1;63;0;;1;2016-12-30 20:49:39;0b1d28587df570465b1fc4cb40ff9538a7ba951e796367870777601c64de638e
2965;74;1;63;0;;1;2016-12-30 20:49:40;30606d3e7d2a64612528107031b5bfed8e42d071c45c67d6a8d1a2c10f28b8ae
2966;69;1;63;0;;0;2016-12-30 20:49:43;cb87e83dc5bf598433cb95bb5214bbf7c941b37b046ca43fa73dfab3a2606a51
2967;53;1;63;0;;1;2016-12-30 20:49:43;258d1e6bff55c8deee0d2ffbf0cf0e7a8739cc27367c228684bee2e591ff21bf
2968;73;1;63;0;;1;2016-12-30 20:49:44;6b6c7acffed1b5b7c9d6d26ea36a75abcc1bcc46ea9815a80182833b11aec330
2969;76;1;63;0;;1;2016-12-30 20:49:46;b7b02487922c8bc3b3e70270fa7ac76e69b8e4c8e18747df4ff5354726745cf7
2970;71;1;63;0;;1;2016-12-30 20:49:47;362859ea9e5a616723e619a81c58e0930f822ab296f72fcae4dfe4c605d15ef8
2971;260;1;63;0;;1;2016-12-30 20:49:49;0f786b040244db454f3a88b6a02634bc22b6c2e29ca8f9fdf12e96966d21c148
2972;528;1;63;0;;1;2016-12-30 20:49:50;7cb6451595269a4789f6d21b7782ad6a92c0203eafcf47b4d829e0b044b874e1
2973;189;1;63;0;;1;2016-12-30 20:49:51;cf1710375e9081ea82db648818f40878bf9302c40abe4505e93a3c09003e1426
2974;75;1;63;0;;1;2016-12-30 20:49:52;6eec32e0e56a3280be78e8660f21f4faa7deba12e7929e21a08738472cf82835
2975;228;1;63;0;;1;2016-12-30 20:49:55;764a0eafc7136c58c2ac27b53f4c6638c6343ed9ad621e5671873093916cadbe
2976;78;1;63;0;;1;2016-12-30 20:49:56;6152f0ac27d5ff54029b4c6f7d99afb39178574168f6a1ff44eca309d37b5298
2977;77;1;63;0;;1;2016-12-30 20:49:57;a4a2e027a1b69e0f9ddf2bddf0d8f6dfac012d46d51be9c58bf0134e9979bd92
2979;61;1;63;0;;1;2016-12-30 20:50:00;5545b8bdbdb440383fd6b3bb899e0cc309d5617bfabe5c2904c48908196cd2d8
2980;79;1;63;0;;0;2016-12-30 20:50:00;4af1b74a00682ca60e68439e7665232f1d92f20eae6e984dddf3343156059161
2981;81;1;63;0;;1;2016-12-30 20:50:01;24ec5bfa65b5ac76aa30c4dc390947d56660d7e781b50e5e221b08f249412962
2983;70;1;63;0;;1;2016-12-30 20:50:08;6a59d86b36fdecc4f22a305ef274c2caec5d3d1e98de4c70df016ccb4c0655d6
2984;72;1;63;0;;0;2016-12-30 20:50:09;aeb64c8d2df680bb2c4f9ea1d974ccd9e802aa3d3c7ad1627d550bba064c8f74
2985;66;1;63;0;;0;2016-12-30 20:50:10;a6d0177267c3b7df48adf022a8f087c8dec8611a3660381a9ba1e67c02c634a2
2986;254;1;63;0;;1;2016-12-30 20:50:13;2f7486679267a7ca3db6ed0191df03221f9df1975007e6c434a316e6ebc34437
2987;253;1;63;0;;1;2016-12-30 20:50:14;32a91548def7011b2a899efd03c4e7f1e1f23d23e8b13410fc0ac76b7a7a6a46
2988;63;1;63;0;;1;2016-12-30 20:50:14;137d08deda99ed4be12cde2cb284c14d5518e282d6989cc2d825f0e9fb0f1549
2989;80;1;63;0;;1;2016-12-30 20:50:15;ea380551461ca5d01ef246add93656beac5cf86d72cc285ffe0afe54e805c695
2999;39;1;63;0;;0;2016-12-30 21:41:33;de16c59189d95126c48b262d699fd12eb1cb36fa6ed84441f7dd6c8750ff2e58
3000;238;1;63;0;;1;2016-12-30 21:41:38;a8ff0d23b56fcff98aaae7d4d3af1fea96197bd77a2d35048aa3419d315d58bd
3001;852;1;74;0;;0;2016-12-30 21:57:23;45bd64b104c4f5e824d2fb42114f11ba503fbaa325097698038518dc47505800
3002;149;;;;master;1;2016-12-31 11:12:38;d518b8e55a82e5782e8764dd12ffb23745088d051985d37433668ed93225c62f
3003;893;;;;master;0;2016-12-31 14:52:53;f8755b4373e49e43a14887e6e452520e10d8583d5500b1b4ffd7dd49e8474614
3004;894;;;;master;0;2016-12-31 14:52:57;302b04f5b5dc75474fca8789fe2374e1bd868c422a42ce334e6f775ccf7e6ddd
3005;896;;;;master;0;2016-12-31 14:53:00;0789406ad8b3676537af4c3981a76585374e806e9486fe802dbeae9bc4bcbf70
3006;895;;;;master;0;2016-12-31 14:53:05;5e76d3354dca057c376bd8d1581ec5e3bba454ae9231d8267e15fd056c5a0566
3007;890;;;;master;0;2016-12-31 14:53:08;e95a61639a055f81c33990be206a73174117247f966762248635b06f4dc85b41
3008;897;;;;master;0;2016-12-31 14:53:12;9b1e7631caa2e63eecf2dc90198dbe5f8449f7be527de57adf510762966d5d45
3009;902;;;;master;0;2016-12-31 14:53:15;ef1a2d54bb123fd8b663f3df4cfe3c29aea5d1ac9395d003d7cbb2d02be69285
3010;903;;;;master;0;2016-12-31 14:53:19;66e056d2d4e25fd550a37c93d51627fb0a31aca1228ea2d97c11fcf0bab3eb3c
3011;898;;;;master;0;2016-12-31 14:53:22;5a801329116ad1b46e92d33a84e93eaaa91923f139bf12f1812b1ccfa1639bbc
3012;904;;;;master;0;2016-12-31 14:53:26;f979b9bf3bc6c9fc8255b36f16b41dff864e5cd5cbd25bca86f833573fff70e8
3013;899;;;;master;0;2016-12-31 14:53:31;83c8683490d6c77c5713feac116d766271a5b20eb848b0bffbd4318c5737387d
3015;892;;;;master;0;2016-12-31 14:53:34;fe784c320bcb26bc52485dcc626846176f538ee31c480031ad031181c165914c
3016;889;;;;master;0;2016-12-31 14:53:37;173ee6df46f8399ad24314c7cb4be2b5cd855a7577d33d4204257c3b91fcae5f
3017;900;;;;master;0;2016-12-31 14:53:41;42a7df00a3b547b795d22eb269b81a17f257716dc63a4240e6d9676b27ca2b87
3018;891;;;;master;0;2016-12-31 14:53:44;278463397f085e8e22572c4b6c66e89f8e0021ea0bc27c4b25196d6691facaa6
3019;901;;;;master;0;2016-12-31 14:53:47;29970f57797e181b27ae515e1491ee3d4a07901418e3b59d794e476dbf67d2ba
3021;319;2;7;1;;0;2017-01-01 15:30:53;07a4b6c7788814648427c8d2c06a732a0243ad78408918e7b3eca8f5f9f5e8fd
3022;87;1;2;9;;0;2017-01-01 19:51:20;a12239d04459a84a849c1bc4395de2093bbf1417ba94bbcf8192b9486cf16cf3
3023;906;;;;master;1;2017-01-01 21:32:26;ac3462d176bfe7eb23f17048c37c385bebb8d3c43ab46d954568d6bc690c8794
3024;315;1;3;2;;0;2017-01-01 23:30:19;ea847adaf1e47e52b7d0d7a45ae4e060547b72b6eaf6862207d415763d8ece18
3025;316;1;3;2;;0;2017-01-01 23:30:41;8c58d0305a8c448590c00d02cc95a273ad81eb58ec7de78a9bae35808492245e
3026;697;7;52;0;;0;2017-01-02 13:38:15;0ddab63ab1817499fa5abac50ddd23cd123a294d501213babe025e77e21acc06
3027;697;7;52;1;;0;2017-01-02 13:38:18;7bd5b573f4c5db504beebe6972b7ac09208233f0649512a192c20c4a5fac1f29
3028;134;2;4;3;;0;2017-01-02 13:44:15;162eacb1b47dbe8735d423e7bf91481cd8584775b1cb38dd340eb8286917af34
3029;133;2;4;3;;0;2017-01-02 13:44:15;2ecafa0e286291044f58e3abc1b8bb77580a562f6afca22c39c3361fa74fb863
3030;132;2;4;4;;0;2017-01-02 13:44:18;ea314474c6faa8f3e3c3ea911387c7c693c43145f9f2e6a0bd8f79c251b147be
3031;132;2;4;3;;0;2017-01-02 13:44:23;757bd4cbdd060a68b0290018f083ba1137ad8d8a7f6a3a8ee7a08ffa7d54e1dd
3032;134;2;4;4;;0;2017-01-02 13:44:23;f3709047522e8ad11b25a95308c108392a2b2d206a1eb788db9b8fcd4ae41083
3033;132;2;5;0;;0;2017-01-02 13:44:24;cfd5513d7f055741d62c8dbed3976d4b9eeda74d94efbac73dde3b5d6ceb1318
3034;133;2;5;0;;0;2017-01-02 13:44:29;2a4c582a54ec7401d7c1a880771761e6a5cbcc68d8e5c3ab834fd0c5a656c12f
3035;133;2;4;4;;0;2017-01-02 13:44:32;578cae6f0e5bd5b3a385e872f8021cfb4687b7bb506db598aa979c43c0121d17
3036;134;2;5;0;;0;2017-01-02 13:44:39;6384d811750f302e54da1643d0433965ba842e9148d7d97cacb77be0ef7e8a67
